ra,dec,colour,line_width,angular_radius,pixel_radius,angular_width,pixel_width
344.46530375,35.1682358,A66BFF3F,1.0,,,,10.0
344.34285124999997,53.1680298,A66BFF3F,1.0,,,,10.0
351.45289375000004,53.1870041,A66BFF3F,1.0,,,,10.0
351.4656825,50.6870193,A66BFF3F,1.0,,,,10.0
355.27055708333336,50.6929131,A66BFF3F,1.0,,,,10.0
355.27607875,48.6929169,A66BFF3F,1.0,,,,10.0
4.1463675,48.6949348,A66BFF3F,1.0,,,,10.0
4.1432787499999995,46.6949348,A66BFF3F,1.0,,,,10.0
14.776077083333332,46.6757545,A66BFF3F,1.0,,,,10.0
14.7888675,48.6757393,A66BFF3F,1.0,,,,10.0
18.588407916666664,48.6632690,A66BFF3F,1.0,,,,10.0
18.605903750000003,50.6632347,A66BFF3F,1.0,,,,10.0
22.407936250000002,50.6478767,A66BFF3F,1.0,,,,10.0
26.968523749999996,50.6257439,A66BFF3F,1.0,,,,10.0
26.931439583333333,47.6258430,A66BFF3F,1.0,,,,10.0
32.62149125,47.5927505,A66BFF3F,1.0,,,,10.0
32.673801250000004,51.0925827,A66BFF3F,1.0,,,,10.0
39.885478750000004,51.0423737,A66BFF3F,1.0,,,,10.0
39.67934125,37.2931557,A66BFF3F,1.0,,,,10.0
31.871091250000003,37.3470840,A66BFF3F,1.0,,,,10.0
31.854250416666666,35.5971375,A66BFF3F,1.0,,,,10.0
22.910835,35.6453362,A66BFF3F,1.0,,,,10.0
22.89742625,33.6453705,A66BFF3F,1.0,,,,10.0
12.443063749999999,33.6818962,A66BFF3F,1.0,,,,10.0
12.41349125,24.4319324,A66BFF3F,1.0,,,,10.0
14.424064583333333,24.4266243,A66BFF3F,1.0,,,,10.0
14.414815416666666,21.6766376,A66BFF3F,1.0,,,,10.0
3.73992125,21.6951923,A66BFF3F,1.0,,,,10.0
3.7406445833333333,22.6951923,A66BFF3F,1.0,,,,10.0
2.61001625,22.6957588,A66BFF3F,1.0,,,,10.0
2.6128425,28.6957588,A66BFF3F,1.0,,,,10.0
1.6062162500000001,28.6960354,A66BFF3F,1.0,,,,10.0
1.6069770833333334,32.0293655,A66BFF3F,1.0,,,,10.0
357.82874125000006,32.0285034,A66BFF3F,1.0,,,,10.0
357.8280825,32.7785072,A66BFF3F,1.0,,,,10.0
354.0491579166667,32.7746468,A66BFF3F,1.0,,,,10.0
354.04417958333335,35.1913109,A66BFF3F,1.0,,,,10.0
141.904335,-24.5425186,A66BFF3F,1.0,,,,10.0
141.77159875,-37.2920151,A66BFF3F,1.0,,,,10.0
141.73406125,-40.2918739,A66BFF3F,1.0,,,,10.0
166.45650458333333,-40.4246216,A66BFF3F,1.0,,,,10.0
166.47936291666667,-35.6746559,A66BFF3F,1.0,,,,10.0
163.95851541666664,-35.6664963,A66BFF3F,1.0,,,,10.0
163.977885,-31.8332005,A66BFF3F,1.0,,,,10.0
160.20137874999998,-31.8185863,A66BFF3F,1.0,,,,10.0
160.21289375,-29.8186131,A66BFF3F,1.0,,,,10.0
155.18132708333334,-29.7947845,A66BFF3F,1.0,,,,10.0
155.1993375,-27.1281624,A66BFF3F,1.0,,,,10.0
147.65928291666665,-27.0835037,A66BFF3F,1.0,,,,10.0
147.67968125000002,-24.5835705,A66BFF3F,1.0,,,,10.0
209.11110875,-83.1200714,A66BFF3F,1.0,,,,10.0
276.86599791666663,-82.4582748,A66BFF3F,1.0,,,,10.0
274.19506041666665,-74.9745178,A66BFF3F,1.0,,,,10.0
273.2800770833333,-67.4800797,A66BFF3F,1.0,,,,10.0
265.77572875,-67.5711060,A66BFF3F,1.0,,,,10.0
258.2424825,-67.6610870,A66BFF3F,1.0,,,,10.0
258.47067875,-70.1597443,A66BFF3F,1.0,,,,10.0
224.16644125,-70.5115433,A66BFF3F,1.0,,,,10.0
207.46087041666667,-70.6244431,A66BFF3F,1.0,,,,10.0
207.78143375,-75.6235962,A66BFF3F,1.0,,,,10.0
309.59884625,0.4361772,A66BFF3F,1.0,,,,10.0
309.57987749999995,2.4360874,A66BFF3F,1.0,,,,10.0
314.08109708333336,2.4773185,A66BFF3F,1.0,,,,10.0
321.58347125,2.5393796,A66BFF3F,1.0,,,,10.0
323.5842704166667,2.5544112,A66BFF3F,1.0,,,,10.0
323.57874875,3.3043909,A66BFF3F,1.0,,,,10.0
326.58021875000003,3.3256676,A66BFF3F,1.0,,,,10.0
326.58708624999997,2.3256910,A66BFF3F,1.0,,,,10.0
331.58875500000005,2.3576119,A66BFF3F,1.0,,,,10.0
331.58726708333336,2.6076074,A66BFF3F,1.0,,,,10.0
342.84221708333337,2.6622071,A66BFF3F,1.0,,,,10.0
342.8497125,0.6622211,A66BFF3F,1.0,,,,10.0
342.86470375,-3.3377509,A66BFF3F,1.0,,,,10.0
359.10221125,-3.3042023,A66BFF3F,1.0,,,,10.0
359.10329875,-6.3042021,A66BFF3F,1.0,,,,10.0
359.11056458333337,-24.8042011,A66BFF3F,1.0,,,,10.0
346.68096625000004,-24.8250446,A66BFF3F,1.0,,,,10.0
329.77028875,-24.9040413,A66BFF3F,1.0,,,,10.0
329.6561625,-8.4043999,A66BFF3F,1.0,,,,10.0
321.668415,-8.4602947,A66BFF3F,1.0,,,,10.0
321.71645125000003,-14.4601107,A66BFF3F,1.0,,,,10.0
309.74390124999996,-14.5631361,A66BFF3F,1.0,,,,10.0
309.6846479166666,-8.5634165,A66BFF3F,1.0,,,,10.0
280.35020875000004,0.1154895,A66BFF3F,1.0,,,,10.0
280.3262325,2.1153460,A66BFF3F,1.0,,,,10.0
284.5764254166666,2.1659052,A66BFF3F,1.0,,,,10.0
284.525985,6.4156075,A66BFF3F,1.0,,,,10.0
281.45856875,6.3791943,A66BFF3F,1.0,,,,10.0
281.388045,12.1287737,A66BFF3F,1.0,,,,10.0
284.45626208333334,12.1651964,A66BFF3F,1.0,,,,10.0
284.37363625,18.6647091,A66BFF3F,1.0,,,,10.0
286.37549375000003,18.6882229,A66BFF3F,1.0,,,,10.0
286.40547749999996,16.3550682,A66BFF3F,1.0,,,,10.0
298.9211654166667,16.4957294,A66BFF3F,1.0,,,,10.0
298.926,16.0790844,A66BFF3F,1.0,,,,10.0
303.55899750000003,16.1275158,A66BFF3F,1.0,,,,10.0
303.636675,8.8779116,A66BFF3F,1.0,,,,10.0
306.01395625,8.9018240,A66BFF3F,1.0,,,,10.0
306.07910125,2.4021468,A66BFF3F,1.0,,,,10.0
309.57987749999995,2.4360874,A66BFF3F,1.0,,,,10.0
309.59884625,0.4361772,A66BFF3F,1.0,,,,10.0
309.6846479166666,-8.5634165,A66BFF3F,1.0,,,,10.0
301.69369625,-8.6430750,A66BFF3F,1.0,,,,10.0
301.72636958333334,-11.6762342,A66BFF3F,1.0,,,,10.0
284.74405375,-11.8664360,A66BFF3F,1.0,,,,10.0
284.6472929166667,-3.8336766,A66BFF3F,1.0,,,,10.0
280.3981875,-3.8842230,A66BFF3F,1.0,,,,10.0
249.03468125,-60.2644577,A66BFF3F,1.0,,,,10.0
248.57062375,-45.7670517,A66BFF3F,1.0,,,,10.0
269.80928375,-45.5163460,A66BFF3F,1.0,,,,10.0
272.3090175,-45.4859734,A66BFF3F,1.0,,,,10.0
272.67225291666665,-56.9837723,A66BFF3F,1.0,,,,10.0
265.16818958333334,-57.0747757,A66BFF3F,1.0,,,,10.0
265.77572875,-67.5711060,A66BFF3F,1.0,,,,10.0
258.2424825,-67.6610870,A66BFF3F,1.0,,,,10.0
255.72498291666668,-67.6905823,A66BFF3F,1.0,,,,10.0
255.5423925,-65.1916428,A66BFF3F,1.0,,,,10.0
254.2835145833333,-65.2062531,A66BFF3F,1.0,,,,10.0
254.1951375,-63.7900925,A66BFF3F,1.0,,,,10.0
251.67632125,-63.8189964,A66BFF3F,1.0,,,,10.0
251.53784708333333,-61.2364578,A66BFF3F,1.0,,,,10.0
249.08163,-61.2641945,A66BFF3F,1.0,,,,10.0
31.665247500000003,10.5143948,A66BFF3F,1.0,,,,10.0
26.65573375,10.5432396,A66BFF3F,1.0,,,,10.0
26.74467458333333,25.6263351,A66BFF3F,1.0,,,,10.0
30.51371125,25.6050701,A66BFF3F,1.0,,,,10.0
30.530616249999998,27.8550186,A66BFF3F,1.0,,,,10.0
38.07014875,27.8047638,A66BFF3F,1.0,,,,10.0
38.103193749999996,31.2213154,A66BFF3F,1.0,,,,10.0
42.62838,31.1865025,A66BFF3F,1.0,,,,10.0
52.426667916666666,31.1003609,A66BFF3F,1.0,,,,10.0
52.290622500000005,19.4343338,A66BFF3F,1.0,,,,10.0
51.03723458333333,19.4461136,A66BFF3F,1.0,,,,10.0
50.94641125,10.3632069,A66BFF3F,1.0,,,,10.0
69.48693750000001,30.9218750,A66BFF3F,1.0,,,,10.0
69.57384125,36.2547150,A66BFF3F,1.0,,,,10.0
72.45734374999999,36.2218513,A66BFF3F,1.0,,,,10.0
72.840285,52.7196465,A66BFF3F,1.0,,,,10.0
77.48476208333334,52.6655540,A66BFF3F,1.0,,,,10.0
77.60676458333333,56.1648331,A66BFF3F,1.0,,,,10.0
94.13108874999999,55.9658089,A66BFF3F,1.0,,,,10.0
94.05736625,53.9662552,A66BFF3F,1.0,,,,10.0
100.04603125,53.8938293,A66BFF3F,1.0,,,,10.0
99.91945958333335,49.8945885,A66BFF3F,1.0,,,,10.0
104.40635875,49.8410034,A66BFF3F,1.0,,,,10.0
104.26530291666667,44.3418388,A66BFF3F,1.0,,,,10.0
112.73412458333333,44.2435493,A66BFF3F,1.0,,,,10.0
112.56071875,35.2445297,A66BFF3F,1.0,,,,10.0
100.09027625,35.3905640,A66BFF3F,1.0,,,,10.0
99.96565791666667,27.8913116,A66BFF3F,1.0,,,,10.0
90.22107125000001,28.0092907,A66BFF3F,1.0,,,,10.0
90.22890291666667,28.5092430,A66BFF3F,1.0,,,,10.0
73.21247541666668,28.7124405,A66BFF3F,1.0,,,,10.0
73.23534291666668,30.2123089,A66BFF3F,1.0,,,,10.0
69.47678875,30.2552605,A66BFF3F,1.0,,,,10.0
227.78148625,7.5253930,A66BFF3F,1.0,,,,10.0
204.06384875,7.3605771,A66BFF3F,1.0,,,,10.0
204.02893041666667,14.3604937,A66BFF3F,1.0,,,,10.0
203.95387208333335,27.8603134,A66BFF3F,1.0,,,,10.0
210.7888275,27.8976517,A66BFF3F,1.0,,,,10.0
210.77085875,30.1475964,A66BFF3F,1.0,,,,10.0
211.88893375,30.1545391,A66BFF3F,1.0,,,,10.0
211.69873208333334,47.9039383,A66BFF3F,1.0,,,,10.0
211.58439124999998,54.9035759,A66BFF3F,1.0,,,,10.0
217.25124874999997,54.9422379,A66BFF3F,1.0,,,,10.0
229.59105458333335,55.0448647,A66BFF3F,1.0,,,,10.0
229.65737375,52.5451736,A66BFF3F,1.0,,,,10.0
237.08447375,52.6174774,A66BFF3F,1.0,,,,10.0
237.1245854166667,51.1176796,A66BFF3F,1.0,,,,10.0
237.36542708333334,39.6189079,A66BFF3F,1.0,,,,10.0
232.64365208333334,39.5721130,A66BFF3F,1.0,,,,10.0
232.74697791666668,32.5726128,A66BFF3F,1.0,,,,10.0
229.01591875,32.5376778,A66BFF3F,1.0,,,,10.0
229.09951625000002,25.5380573,A66BFF3F,1.0,,,,10.0
227.60549125,25.5246105,A66BFF3F,1.0,,,,10.0
65.0764125,-39.7007294,A66BFF3F,1.0,,,,10.0
64.88238625,-48.6996651,A66BFF3F,1.0,,,,10.0
68.36224791666666,-48.7384491,A66BFF3F,1.0,,,,10.0
68.42409625,-46.2387962,A66BFF3F,1.0,,,,10.0
73.40208291666666,-46.2959023,A66BFF3F,1.0,,,,10.0
73.48237041666665,-42.7963676,A66BFF3F,1.0,,,,10.0
75.97444374999999,-42.8255501,A66BFF3F,1.0,,,,10.0
76.2549375,-27.0772038,A66BFF3F,1.0,,,,10.0
73.75929625,-27.0479794,A66BFF3F,1.0,,,,10.0
71.76333125,-27.0248775,A66BFF3F,1.0,,,,10.0
71.72241875,-29.7746429,A66BFF3F,1.0,,,,10.0
69.97665125,-29.7546597,A66BFF3F,1.0,,,,10.0
69.86237541666667,-36.7540054,A66BFF3F,1.0,,,,10.0
65.12985,-36.7010231,A66BFF3F,1.0,,,,10.0
94.13108874999999,55.9658089,A66BFF3F,1.0,,,,10.0
77.60676458333333,56.1648331,A66BFF3F,1.0,,,,10.0
77.48476208333334,52.6655540,A66BFF3F,1.0,,,,10.0
72.840285,52.7196465,A66BFF3F,1.0,,,,10.0
52.313086250000005,52.9366074,A66BFF3F,1.0,,,,10.0
52.38190041666667,55.4362831,A66BFF3F,1.0,,,,10.0
49.85402249999999,55.4596519,A66BFF3F,1.0,,,,10.0
49.913496249999994,57.4593849,A66BFF3F,1.0,,,,10.0
48.90093,57.4684982,A66BFF3F,1.0,,,,10.0
49.3954575,68.4662857,A66BFF3F,1.0,,,,10.0
54.23703458333333,68.4214401,A66BFF3F,1.0,,,,10.0
55.30874875000001,77.4163132,A66BFF3F,1.0,,,,10.0
56.726209583333336,77.4025955,A66BFF3F,1.0,,,,10.0
57.53049,80.3986664,A66BFF3F,1.0,,,,10.0
80.48889458333332,80.1478500,A66BFF3F,1.0,,,,10.0
84.53611791666665,85.1239471,A66BFF3F,1.0,,,,10.0
127.953615,84.6103745,A66BFF3F,1.0,,,,10.0
130.40275041666666,86.0975418,A66BFF3F,1.0,,,,10.0
213.0229575,85.9308090,A66BFF3F,1.0,,,,10.0
216.78285624999998,79.4449844,A66BFF3F,1.0,,,,10.0
203.80918958333334,79.3629303,A66BFF3F,1.0,,,,10.0
204.15701875,76.3638153,A66BFF3F,1.0,,,,10.0
195.8206125,76.3289108,A66BFF3F,1.0,,,,10.0
174.43479625,76.3084106,A66BFF3F,1.0,,,,10.0
174.53158375,79.3083420,A66BFF3F,1.0,,,,10.0
162.81859791666668,79.3401794,A66BFF3F,1.0,,,,10.0
163.10541625000002,81.3396072,A66BFF3F,1.0,,,,10.0
142.19119500000002,81.4677658,A66BFF3F,1.0,,,,10.0
140.61547375,72.9741364,A66BFF3F,1.0,,,,10.0
123.08622875,73.1383743,A66BFF3F,1.0,,,,10.0
122.12910124999999,59.6433983,A66BFF3F,1.0,,,,10.0
107.7531975,59.8037262,A66BFF3F,1.0,,,,10.0
107.8515525,61.8031464,A66BFF3F,1.0,,,,10.0
94.40745625,61.9641266,A66BFF3F,1.0,,,,10.0
140.40425875,6.4700689,A66BFF3F,1.0,,,,10.0
122.92139125,6.6302376,A66BFF3F,1.0,,,,10.0
120.54834291666666,6.6549850,A66BFF3F,1.0,,,,10.0
120.58067249999999,9.6548138,A66BFF3F,1.0,,,,10.0
118.83248875,9.6734257,A66BFF3F,1.0,,,,10.0
118.87160541666668,13.1732168,A66BFF3F,1.0,,,,10.0
118.94754458333334,19.6728077,A66BFF3F,1.0,,,,10.0
120.07012375000001,19.6608200,A66BFF3F,1.0,,,,10.0
120.17164625,27.6602821,A66BFF3F,1.0,,,,10.0
121.91596958333335,27.6419144,A66BFF3F,1.0,,,,10.0
121.99323125000001,33.1415138,A66BFF3F,1.0,,,,10.0
140.64598500000002,32.9691162,A66BFF3F,1.0,,,,10.0
181.59450625,33.3039627,A66BFF3F,1.0,,,,10.0
181.59141624999998,44.3039627,A66BFF3F,1.0,,,,10.0
182.82643374999998,44.3043365,A66BFF3F,1.0,,,,10.0
182.8185225,52.3043365,A66BFF3F,1.0,,,,10.0
203.74239874999998,52.3598061,A66BFF3F,1.0,,,,10.0
203.79511375,47.8599281,A66BFF3F,1.0,,,,10.0
211.69873208333334,47.9039383,A66BFF3F,1.0,,,,10.0
211.88893375,30.1545391,A66BFF3F,1.0,,,,10.0
210.77085875,30.1475964,A66BFF3F,1.0,,,,10.0
210.7888275,27.8976517,A66BFF3F,1.0,,,,10.0
203.95387208333335,27.8603134,A66BFF3F,1.0,,,,10.0
200.22657458333333,27.8437748,A66BFF3F,1.0,,,,10.0
200.20774791666668,31.3437366,A66BFF3F,1.0,,,,10.0
186.55769375,31.3074341,A66BFF3F,1.0,,,,10.0
186.55426041666666,33.3074303,A66BFF3F,1.0,,,,10.0
93.215625,-11.0301533,A66BFF3F,1.0,,,,10.0
111.97339958333333,-11.2521448,A66BFF3F,1.0,,,,10.0
111.67719875,-33.2504692,A66BFF3F,1.0,,,,10.0
99.90385958333333,-33.1128159,A66BFF3F,1.0,,,,10.0
92.89906791666667,-33.0282326,A66BFF3F,1.0,,,,10.0
92.99256625,-27.2787991,A66BFF3F,1.0,,,,10.0
122.84900708333335,-0.3693900,A66BFF3F,1.0,,,,10.0
109.59966625,-0.2243290,A66BFF3F,1.0,,,,10.0
109.61691875,1.2755718,A66BFF3F,1.0,,,,10.0
106.86739625,1.3074419,A66BFF3F,1.0,,,,10.0
106.91427458333332,5.3071680,A66BFF3F,1.0,,,,10.0
106.66432208333333,5.3100886,A66BFF3F,1.0,,,,10.0
106.71787958333333,9.8097754,A66BFF3F,1.0,,,,10.0
106.7482275,12.3095980,A66BFF3F,1.0,,,,10.0
114.24100374999999,12.2238722,A66BFF3F,1.0,,,,10.0
114.2527275,13.2238064,A66BFF3F,1.0,,,,10.0
118.87160541666668,13.1732168,A66BFF3F,1.0,,,,10.0
118.83248875,9.6734257,A66BFF3F,1.0,,,,10.0
120.58067249999999,9.6548138,A66BFF3F,1.0,,,,10.0
120.54834291666666,6.6549850,A66BFF3F,1.0,,,,10.0
122.92139125,6.6302376,A66BFF3F,1.0,,,,10.0
309.6846479166666,-8.5634165,A66BFF3F,1.0,,,,10.0
301.69369625,-8.6430750,A66BFF3F,1.0,,,,10.0
301.72636958333334,-11.6762342,A66BFF3F,1.0,,,,10.0
301.9159695833333,-27.6419144,A66BFF3F,1.0,,,,10.0
306.89795541666666,-27.5913391,A66BFF3F,1.0,,,,10.0
321.83163625000003,-27.4596672,A66BFF3F,1.0,,,,10.0
321.8077754166667,-24.9597607,A66BFF3F,1.0,,,,10.0
329.77028875,-24.9040413,A66BFF3F,1.0,,,,10.0
329.6561625,-8.4043999,A66BFF3F,1.0,,,,10.0
321.668415,-8.4602947,A66BFF3F,1.0,,,,10.0
321.71645125000003,-14.4601107,A66BFF3F,1.0,,,,10.0
309.74390124999996,-14.5631361,A66BFF3F,1.0,,,,10.0
170.15592125,-57.1843452,A66BFF3F,1.0,,,,10.0
166.33725625000002,-57.1744423,A66BFF3F,1.0,,,,10.0
133.32365541666667,-56.9739723,A66BFF3F,1.0,,,,10.0
133.38017375,-54.9742203,A66BFF3F,1.0,,,,10.0
127.56711875,-54.9204712,A66BFF3F,1.0,,,,10.0
127.60929125000001,-53.4206772,A66BFF3F,1.0,,,,10.0
123.32011625000001,-53.3782196,A66BFF3F,1.0,,,,10.0
123.38112875,-51.1285286,A66BFF3F,1.0,,,,10.0
120.86169750000002,-51.1025848,A66BFF3F,1.0,,,,10.0
90.74890208333333,-50.7545471,A66BFF3F,1.0,,,,10.0
90.69370500000001,-52.5042114,A66BFF3F,1.0,,,,10.0
93.19435375,-52.5345764,A66BFF3F,1.0,,,,10.0
93.1074,-55.0340500,A66BFF3F,1.0,,,,10.0
98.11427541666666,-55.0945587,A66BFF3F,1.0,,,,10.0
97.99507791666667,-58.0938416,A66BFF3F,1.0,,,,10.0
103.01111708333333,-58.1537018,A66BFF3F,1.0,,,,10.0
102.70331375,-64.1518784,A66BFF3F,1.0,,,,10.0
136.09472708333334,-64.4990387,A66BFF3F,1.0,,,,10.0
135.24368708333333,-75.4954681,A66BFF3F,1.0,,,,10.0
169.85697291666668,-75.6840134,A66BFF3F,1.0,,,,10.0
170.08481125,-64.6842651,A66BFF3F,1.0,,,,10.0
344.34285124999997,53.1680298,A66BFF3F,1.0,,,,10.0
344.3040270833333,56.9179611,A66BFF3F,1.0,,,,10.0
344.26912375,59.7512321,A66BFF3F,1.0,,,,10.0
348.85966375000004,59.7646751,A66BFF3F,1.0,,,,10.0
348.8164904166666,63.6812897,A66BFF3F,1.0,,,,10.0
355.21757125000005,63.6928787,A66BFF3F,1.0,,,,10.0
355.19785958333335,66.6928711,A66BFF3F,1.0,,,,10.0
6.763763750000001,66.6924438,A66BFF3F,1.0,,,,10.0
6.92291375,77.6923447,A66BFF3F,1.0,,,,10.0
55.30874875000001,77.4163132,A66BFF3F,1.0,,,,10.0
54.23703458333333,68.4214401,A66BFF3F,1.0,,,,10.0
49.3954575,68.4662857,A66BFF3F,1.0,,,,10.0
48.90093,57.4684982,A66BFF3F,1.0,,,,10.0
38.762337083333335,57.5513000,A66BFF3F,1.0,,,,10.0
38.802355416666664,59.0511551,A66BFF3F,1.0,,,,10.0
30.79562541666666,59.1046104,A66BFF3F,1.0,,,,10.0
30.77362375,58.1046753,A66BFF3F,1.0,,,,10.0
27.595222500000002,58.1227188,A66BFF3F,1.0,,,,10.0
27.533641250000002,54.6228828,A66BFF3F,1.0,,,,10.0
22.45601375,54.6477699,A66BFF3F,1.0,,,,10.0
22.407936250000002,50.6478767,A66BFF3F,1.0,,,,10.0
18.605903750000003,50.6632347,A66BFF3F,1.0,,,,10.0
18.588407916666664,48.6632690,A66BFF3F,1.0,,,,10.0
14.7888675,48.6757393,A66BFF3F,1.0,,,,10.0
14.776077083333332,46.6757545,A66BFF3F,1.0,,,,10.0
4.1432787499999995,46.6949348,A66BFF3F,1.0,,,,10.0
4.1463675,48.6949348,A66BFF3F,1.0,,,,10.0
355.27607875,48.6929169,A66BFF3F,1.0,,,,10.0
355.27055708333336,50.6929131,A66BFF3F,1.0,,,,10.0
351.4656825,50.6870193,A66BFF3F,1.0,,,,10.0
351.45289375000004,53.1870041,A66BFF3F,1.0,,,,10.0
166.47936291666667,-35.6746559,A66BFF3F,1.0,,,,10.0
166.45650458333333,-40.4246216,A66BFF3F,1.0,,,,10.0
166.33725625000002,-57.1744423,A66BFF3F,1.0,,,,10.0
170.15592125,-57.1843452,A66BFF3F,1.0,,,,10.0
170.08481125,-64.6842651,A66BFF3F,1.0,,,,10.0
179.05736374999998,-64.6957855,A66BFF3F,1.0,,,,10.0
179.07076791666665,-55.6957932,A66BFF3F,1.0,,,,10.0
194.33451125,-55.6771049,A66BFF3F,1.0,,,,10.0
194.43838041666663,-64.6769638,A66BFF3F,1.0,,,,10.0
204.68028625,-64.6379395,A66BFF3F,1.0,,,,10.0
220.51497458333333,-64.5390244,A66BFF3F,1.0,,,,10.0
220.23446541666664,-55.5400887,A66BFF3F,1.0,,,,10.0
214.65681625000002,-55.5799522,A66BFF3F,1.0,,,,10.0
214.45026458333334,-42.5806465,A66BFF3F,1.0,,,,10.0
225.79627958333336,-42.4941750,A66BFF3F,1.0,,,,10.0
225.63076958333332,-29.9948788,A66BFF3F,1.0,,,,10.0
190.41739958333332,-30.1863899,A66BFF3F,1.0,,,,10.0
190.42719875,-33.6863785,A66BFF3F,1.0,,,,10.0
185.38743458333335,-33.6938934,A66BFF3F,1.0,,,,10.0
185.39029625,-35.6938896,A66BFF3F,1.0,,,,10.0
300.57326250000006,59.8510780,A66BFF3F,1.0,,,,10.0
300.48520041666666,61.8506203,A66BFF3F,1.0,,,,10.0
306.8118675,61.9143791,A66BFF3F,1.0,,,,10.0
306.51738124999997,67.4129562,A66BFF3F,1.0,,,,10.0
310.3340145833333,67.4490280,A66BFF3F,1.0,,,,10.0
309.5730404166667,75.4455261,A66BFF3F,1.0,,,,10.0
301.8733979166667,75.3708725,A66BFF3F,1.0,,,,10.0
300.6738,80.3647766,A66BFF3F,1.0,,,,10.0
313.70587375,80.4867859,A66BFF3F,1.0,,,,10.0
308.72097,86.4656219,A66BFF3F,1.0,,,,10.0
308.33135541666667,86.6306305,A66BFF3F,1.0,,,,10.0
343.51066625,86.8368912,A66BFF3F,1.0,,,,10.0
339.2609879166667,88.6638870,A66BFF3F,1.0,,,,10.0
135.83247125,87.5689163,A66BFF3F,1.0,,,,10.0
130.40275041666666,86.0975418,A66BFF3F,1.0,,,,10.0
127.953615,84.6103745,A66BFF3F,1.0,,,,10.0
84.53611791666665,85.1239471,A66BFF3F,1.0,,,,10.0
80.48889458333332,80.1478500,A66BFF3F,1.0,,,,10.0
57.53049,80.3986664,A66BFF3F,1.0,,,,10.0
56.726209583333336,77.4025955,A66BFF3F,1.0,,,,10.0
55.30874875000001,77.4163132,A66BFF3F,1.0,,,,10.0
6.92291375,77.6923447,A66BFF3F,1.0,,,,10.0
6.763763750000001,66.6924438,A66BFF3F,1.0,,,,10.0
355.19785958333335,66.6928711,A66BFF3F,1.0,,,,10.0
355.21757125000005,63.6928787,A66BFF3F,1.0,,,,10.0
348.8164904166666,63.6812897,A66BFF3F,1.0,,,,10.0
348.85966375000004,59.7646751,A66BFF3F,1.0,,,,10.0
344.26912375,59.7512321,A66BFF3F,1.0,,,,10.0
344.3040270833333,56.9179611,A66BFF3F,1.0,,,,10.0
335.91092999999995,56.8825760,A66BFF3F,1.0,,,,10.0
335.93130125000005,55.6326256,A66BFF3F,1.0,,,,10.0
333.13762625,55.6178436,A66BFF3F,1.0,,,,10.0
333.17467625,53.3679428,A66BFF3F,1.0,,,,10.0
330.63921,53.3532715,A66BFF3F,1.0,,,,10.0
330.60218875,55.4364891,A66BFF3F,1.0,,,,10.0
309.83136125,55.2753258,A66BFF3F,1.0,,,,10.0
309.62379458333334,61.3576965,A66BFF3F,1.0,,,,10.0
308.66080374999996,61.3486443,A66BFF3F,1.0,,,,10.0
308.7165929166667,59.9322395,A66BFF3F,1.0,,,,10.0
6.60132875,0.6925398,A66BFF3F,1.0,,,,10.0
6.6037875,2.6925383,A66BFF3F,1.0,,,,10.0
31.61526625,2.5978806,A66BFF3F,1.0,,,,10.0
31.665247500000003,10.5143948,A66BFF3F,1.0,,,,10.0
50.94641125,10.3632069,A66BFF3F,1.0,,,,10.0
50.85298375,0.4469725,A66BFF3F,1.0,,,,10.0
50.83668291666667,-1.3029516,A66BFF3F,1.0,,,,10.0
41.339221249999994,-1.2210265,A66BFF3F,1.0,,,,10.0
41.14875875,-23.8536034,A66BFF3F,1.0,,,,10.0
26.46599875,-23.7562580,A66BFF3F,1.0,,,,10.0
26.45888875,-24.8729095,A66BFF3F,1.0,,,,10.0
359.11056458333337,-24.8042011,A66BFF3F,1.0,,,,10.0
359.10329875,-6.3042021,A66BFF3F,1.0,,,,10.0
6.5927025,-6.3074551,A66BFF3F,1.0,,,,10.0
111.65211458333334,-82.7758865,A66BFF3F,1.0,,,,10.0
209.11110875,-83.1200714,A66BFF3F,1.0,,,,10.0
207.78143375,-75.6235962,A66BFF3F,1.0,,,,10.0
169.85697291666668,-75.6840134,A66BFF3F,1.0,,,,10.0
135.24368708333333,-75.4954681,A66BFF3F,1.0,,,,10.0
114.21470375,-75.2899170,A66BFF3F,1.0,,,,10.0
204.68028625,-64.6379395,A66BFF3F,1.0,,,,10.0
204.70747958333334,-65.6378784,A66BFF3F,1.0,,,,10.0
207.26802291666667,-65.6249542,A66BFF3F,1.0,,,,10.0
207.46087041666667,-70.6244431,A66BFF3F,1.0,,,,10.0
224.16644125,-70.5115433,A66BFF3F,1.0,,,,10.0
224.00363375,-68.0122070,A66BFF3F,1.0,,,,10.0
226.55712625,-67.9909286,A66BFF3F,1.0,,,,10.0
226.35353541666666,-64.0751266,A66BFF3F,1.0,,,,10.0
230.16657875,-64.0415649,A66BFF3F,1.0,,,,10.0
230.05456958333335,-61.4587479,A66BFF3F,1.0,,,,10.0
232.58976458333333,-61.4353065,A66BFF3F,1.0,,,,10.0
232.5498675,-60.4354935,A66BFF3F,1.0,,,,10.0
232.38191124999997,-55.4362831,A66BFF3F,1.0,,,,10.0
228.08351125,-55.4754944,A66BFF3F,1.0,,,,10.0
220.23446541666664,-55.5400887,A66BFF3F,1.0,,,,10.0
220.51497458333333,-64.5390244,A66BFF3F,1.0,,,,10.0
75.97444374999999,-42.8255501,A66BFF3F,1.0,,,,10.0
76.2549375,-27.0772038,A66BFF3F,1.0,,,,10.0
92.99256625,-27.2787991,A66BFF3F,1.0,,,,10.0
92.89906791666667,-33.0282326,A66BFF3F,1.0,,,,10.0
99.90385958333333,-33.1128159,A66BFF3F,1.0,,,,10.0
99.70891624999999,-43.1116486,A66BFF3F,1.0,,,,10.0
90.95177708333333,-43.0057793,A66BFF3F,1.0,,,,10.0
179.60453541666666,13.3040485,A66BFF3F,1.0,,,,10.0
179.60894125000002,28.3040466,A66BFF3F,1.0,,,,10.0
181.59566375,28.3039627,A66BFF3F,1.0,,,,10.0
181.59450625,33.3039627,A66BFF3F,1.0,,,,10.0
186.55426041666666,33.3074303,A66BFF3F,1.0,,,,10.0
186.55769375,31.3074341,A66BFF3F,1.0,,,,10.0
200.20774791666668,31.3437366,A66BFF3F,1.0,,,,10.0
200.22657458333333,27.8437748,A66BFF3F,1.0,,,,10.0
203.95387208333335,27.8603134,A66BFF3F,1.0,,,,10.0
204.02893041666667,14.3604937,A66BFF3F,1.0,,,,10.0
194.05906625,14.3225088,A66BFF3F,1.0,,,,10.0
194.0620275,13.3225126,A66BFF3F,1.0,,,,10.0
269.62546375,-37.0174599,A66BFF3F,1.0,,,,10.0
289.59631958333335,-36.7785645,A66BFF3F,1.0,,,,10.0
289.76964,-45.2775650,A66BFF3F,1.0,,,,10.0
272.3090175,-45.4859734,A66BFF3F,1.0,,,,10.0
269.80928375,-45.5163460,A66BFF3F,1.0,,,,10.0
229.09951625000002,25.5380573,A66BFF3F,1.0,,,,10.0
229.01591875,32.5376778,A66BFF3F,1.0,,,,10.0
232.74697791666668,32.5726128,A66BFF3F,1.0,,,,10.0
232.64365208333334,39.5721130,A66BFF3F,1.0,,,,10.0
237.36542708333334,39.6189079,A66BFF3F,1.0,,,,10.0
246.07194875,39.7117195,A66BFF3F,1.0,,,,10.0
246.27980250000002,26.7128716,A66BFF3F,1.0,,,,10.0
243.78670625,26.6855240,A66BFF3F,1.0,,,,10.0
243.80018249999998,25.6855946,A66BFF3F,1.0,,,,10.0
241.80573458333333,25.6641407,A66BFF3F,1.0,,,,10.0
194.1330525,-11.6773882,A66BFF3F,1.0,,,,10.0
179.09676,-11.6957970,A66BFF3F,1.0,,,,10.0
179.0913104166667,-25.1957951,A66BFF3F,1.0,,,,10.0
190.404525,-25.1864014,A66BFF3F,1.0,,,,10.0
190.3985025,-22.6864090,A66BFF3F,1.0,,,,10.0
194.16687000000002,-22.6773415,A66BFF3F,1.0,,,,10.0
162.82713875,-6.6621790,A66BFF3F,1.0,,,,10.0
162.80791375,-11.6621428,A66BFF3F,1.0,,,,10.0
162.77554041666667,-19.6620827,A66BFF3F,1.0,,,,10.0
164.03058625,-19.6666222,A66BFF3F,1.0,,,,10.0
164.0080829166667,-25.1665821,A66BFF3F,1.0,,,,10.0
179.0913104166667,-25.1957951,A66BFF3F,1.0,,,,10.0
179.09676,-11.6957970,A66BFF3F,1.0,,,,10.0
179.09860625,-6.6957974,A66BFF3F,1.0,,,,10.0
174.34229875000003,-6.6916924,A66BFF3F,1.0,,,,10.0
179.07076791666665,-55.6957932,A66BFF3F,1.0,,,,10.0
179.05736374999998,-64.6957855,A66BFF3F,1.0,,,,10.0
194.43838041666663,-64.6769638,A66BFF3F,1.0,,,,10.0
194.33451125,-55.6771049,A66BFF3F,1.0,,,,10.0
290.13264624999994,27.7324085,A66BFF3F,1.0,,,,10.0
290.0952525,30.2321968,A66BFF3F,1.0,,,,10.0
291.59877750000004,30.2493153,A66BFF3F,1.0,,,,10.0
291.4926045833334,36.7487144,A66BFF3F,1.0,,,,10.0
292.1196554166666,36.7558022,A66BFF3F,1.0,,,,10.0
291.9835275,43.7550354,A66BFF3F,1.0,,,,10.0
288.4703070833333,43.7149391,A66BFF3F,1.0,,,,10.0
288.37552041666663,47.7143936,A66BFF3F,1.0,,,,10.0
287.1206475,47.6998672,A66BFF3F,1.0,,,,10.0
286.87645958333337,55.6984482,A66BFF3F,1.0,,,,10.0
291.9045929166666,55.7560043,A66BFF3F,1.0,,,,10.0
291.80954999999994,58.2554703,A66BFF3F,1.0,,,,10.0
297.10055375,58.3138733,A66BFF3F,1.0,,,,10.0
297.03924125000003,59.8135414,A66BFF3F,1.0,,,,10.0
300.57326250000006,59.8510780,A66BFF3F,1.0,,,,10.0
308.7165929166667,59.9322395,A66BFF3F,1.0,,,,10.0
308.66080374999996,61.3486443,A66BFF3F,1.0,,,,10.0
309.62379458333334,61.3576965,A66BFF3F,1.0,,,,10.0
309.83136125,55.2753258,A66BFF3F,1.0,,,,10.0
330.60218875,55.4364891,A66BFF3F,1.0,,,,10.0
330.63921,53.3532715,A66BFF3F,1.0,,,,10.0
330.76266291666667,44.6036453,A66BFF3F,1.0,,,,10.0
329.87860625,44.5982513,A66BFF3F,1.0,,,,10.0
329.8816395833333,44.3482628,A66BFF3F,1.0,,,,10.0
329.37664041666665,44.3451195,A66BFF3F,1.0,,,,10.0
329.4610125,36.5953827,A66BFF3F,1.0,,,,10.0
327.319965,36.5815468,A66BFF3F,1.0,,,,10.0
327.39518125,28.5817947,A66BFF3F,1.0,,,,10.0
322.62016375,28.5480537,A66BFF3F,1.0,,,,10.0
315.0839145833333,28.4871883,A66BFF3F,1.0,,,,10.0
315.07258375000004,29.4871387,A66BFF3F,1.0,,,,10.0
296.25094375000003,29.3010578,A66BFF3F,1.0,,,,10.0
296.27220125,27.8011742,A66BFF3F,1.0,,,,10.0
309.57987749999995,2.4360874,A66BFF3F,1.0,,,,10.0
306.07910125,2.4021468,A66BFF3F,1.0,,,,10.0
306.01395625,8.9018240,A66BFF3F,1.0,,,,10.0
303.636675,8.8779116,A66BFF3F,1.0,,,,10.0
303.55899750000003,16.1275158,A66BFF3F,1.0,,,,10.0
305.18694875,16.1439629,A66BFF3F,1.0,,,,10.0
305.13404875,20.8936996,A66BFF3F,1.0,,,,10.0
309.8969370833333,20.9399471,A66BFF3F,1.0,,,,10.0
309.907665,19.9399967,A66BFF3F,1.0,,,,10.0
317.1787829166667,20.0046406,A66BFF3F,1.0,,,,10.0
317.24836375,12.3382607,A66BFF3F,1.0,,,,10.0
314.61859625,12.3157644,A66BFF3F,1.0,,,,10.0
314.67109624999995,6.4826641,A66BFF3F,1.0,,,,10.0
314.045505,6.4771614,A66BFF3F,1.0,,,,10.0
314.08109708333336,2.4773185,A66BFF3F,1.0,,,,10.0
58.318787916666665,-52.7968445,A66BFF3F,1.0,,,,10.0
60.79789625,-52.8228111,A66BFF3F,1.0,,,,10.0
60.692918750000004,-56.1555862,A66BFF3F,1.0,,,,10.0
65.65046249999999,-56.2093849,A66BFF3F,1.0,,,,10.0
65.55458999999999,-58.7088547,A66BFF3F,1.0,,,,10.0
69.27453458333333,-58.7506638,A66BFF3F,1.0,,,,10.0
68.79401874999999,-67.2479248,A66BFF3F,1.0,,,,10.0
68.58152374999999,-69.7467194,A66BFF3F,1.0,,,,10.0
98.45442291666666,-70.1041336,A66BFF3F,1.0,,,,10.0
98.93724875,-64.1070251,A66BFF3F,1.0,,,,10.0
90.17364291666667,-64.0010529,A66BFF3F,1.0,,,,10.0
90.34506125,-61.0020981,A66BFF3F,1.0,,,,10.0
82.85761375,-60.9112892,A66BFF3F,1.0,,,,10.0
83.01880374999999,-57.4122620,A66BFF3F,1.0,,,,10.0
75.54774291666666,-57.3230400,A66BFF3F,1.0,,,,10.0
75.67701749999999,-53.8238029,A66BFF3F,1.0,,,,10.0
68.21774541666667,-53.7376366,A66BFF3F,1.0,,,,10.0
68.36224791666666,-48.7384491,A66BFF3F,1.0,,,,10.0
64.88238625,-48.6996651,A66BFF3F,1.0,,,,10.0
62.14990791666667,-48.6699715,A66BFF3F,1.0,,,,10.0
62.098639583333345,-50.6697006,A66BFF3F,1.0,,,,10.0
58.37716625,-50.6304779,A66BFF3F,1.0,,,,10.0
140.61547375,72.9741364,A66BFF3F,1.0,,,,10.0
142.19119500000002,81.4677658,A66BFF3F,1.0,,,,10.0
163.10541625000002,81.3396072,A66BFF3F,1.0,,,,10.0
162.81859791666668,79.3401794,A66BFF3F,1.0,,,,10.0
174.53158375,79.3083420,A66BFF3F,1.0,,,,10.0
174.43479625,76.3084106,A66BFF3F,1.0,,,,10.0
195.8206125,76.3289108,A66BFF3F,1.0,,,,10.0
196.09747375,69.3293610,A66BFF3F,1.0,,,,10.0
210.65081125,69.3991165,A66BFF3F,1.0,,,,10.0
210.82055541666668,65.3996506,A66BFF3F,1.0,,,,10.0
235.32956541666667,65.6023483,A66BFF3F,1.0,,,,10.0
235.05062999999998,69.6009445,A66BFF3F,1.0,,,,10.0
247.84106249999996,69.7383041,A66BFF3F,1.0,,,,10.0
247.22070749999995,74.7347870,A66BFF3F,1.0,,,,10.0
261.5366370833333,74.9033127,A66BFF3F,1.0,,,,10.0
260.2179045833333,79.8953476,A66BFF3F,1.0,,,,10.0
267.65602041666665,79.9857483,A66BFF3F,1.0,,,,10.0
261.72223041666666,85.9495697,A66BFF3F,1.0,,,,10.0
308.72097,86.4656219,A66BFF3F,1.0,,,,10.0
313.70587375,80.4867859,A66BFF3F,1.0,,,,10.0
300.6738,80.3647766,A66BFF3F,1.0,,,,10.0
301.8733979166667,75.3708725,A66BFF3F,1.0,,,,10.0
309.5730404166667,75.4455261,A66BFF3F,1.0,,,,10.0
310.3340145833333,67.4490280,A66BFF3F,1.0,,,,10.0
306.51738124999997,67.4129562,A66BFF3F,1.0,,,,10.0
306.8118675,61.9143791,A66BFF3F,1.0,,,,10.0
300.48520041666666,61.8506203,A66BFF3F,1.0,,,,10.0
300.57326250000006,59.8510780,A66BFF3F,1.0,,,,10.0
297.03924125000003,59.8135414,A66BFF3F,1.0,,,,10.0
297.10055375,58.3138733,A66BFF3F,1.0,,,,10.0
291.80954999999994,58.2554703,A66BFF3F,1.0,,,,10.0
291.9045929166666,55.7560043,A66BFF3F,1.0,,,,10.0
286.87645958333337,55.6984482,A66BFF3F,1.0,,,,10.0
287.1206475,47.6998672,A66BFF3F,1.0,,,,10.0
274.3423754166667,47.5476036,A66BFF3F,1.0,,,,10.0
274.25768875,50.5470886,A66BFF3F,1.0,,,,10.0
255.7863525,50.3244438,A66BFF3F,1.0,,,,10.0
255.75682625,51.3242683,A66BFF3F,1.0,,,,10.0
237.1245854166667,51.1176796,A66BFF3F,1.0,,,,10.0
237.08447375,52.6174774,A66BFF3F,1.0,,,,10.0
229.65737375,52.5451736,A66BFF3F,1.0,,,,10.0
229.59105458333335,55.0448647,A66BFF3F,1.0,,,,10.0
217.25124874999997,54.9422379,A66BFF3F,1.0,,,,10.0
217.04525375,62.4414825,A66BFF3F,1.0,,,,10.0
203.57364125,62.3593979,A66BFF3F,1.0,,,,10.0
203.55053875000002,63.3593445,A66BFF3F,1.0,,,,10.0
181.58155958333333,63.3039627,A66BFF3F,1.0,,,,10.0
181.57925541666665,65.8039627,A66BFF3F,1.0,,,,10.0
171.84934624999997,65.8126068,A66BFF3F,1.0,,,,10.0
171.96136958333332,72.8125000,A66BFF3F,1.0,,,,10.0
314.08109708333336,2.4773185,A66BFF3F,1.0,,,,10.0
314.045505,6.4771614,A66BFF3F,1.0,,,,10.0
314.67109624999995,6.4826641,A66BFF3F,1.0,,,,10.0
314.61859625,12.3157644,A66BFF3F,1.0,,,,10.0
317.24836375,12.3382607,A66BFF3F,1.0,,,,10.0
318.2502645833333,12.3465548,A66BFF3F,1.0,,,,10.0
318.244515,13.0132008,A66BFF3F,1.0,,,,10.0
321.50110208333336,13.0390635,A66BFF3F,1.0,,,,10.0
321.58347125,2.5393796,A66BFF3F,1.0,,,,10.0
55.35290541666667,0.4037257,A66BFF3F,1.0,,,,10.0
70.85236041666666,0.2375014,A66BFF3F,1.0,,,,10.0
71.60231375,0.2289162,A66BFF3F,1.0,,,,10.0
71.55635874999999,-3.7708201,A66BFF3F,1.0,,,,10.0
77.80439541666668,-3.8437285,A66BFF3F,1.0,,,,10.0
77.72003125,-10.8432293,A66BFF3F,1.0,,,,10.0
75.22175125000001,-10.8138046,A66BFF3F,1.0,,,,10.0
75.17871458333335,-14.3135529,A66BFF3F,1.0,,,,10.0
73.92979791666667,-14.2989721,A66BFF3F,1.0,,,,10.0
73.75929625,-27.0479794,A66BFF3F,1.0,,,,10.0
71.76333125,-27.0248775,A66BFF3F,1.0,,,,10.0
71.72241875,-29.7746429,A66BFF3F,1.0,,,,10.0
69.97665125,-29.7546597,A66BFF3F,1.0,,,,10.0
69.86237541666667,-36.7540054,A66BFF3F,1.0,,,,10.0
65.12985,-36.7010231,A66BFF3F,1.0,,,,10.0
65.0764125,-39.7007294,A66BFF3F,1.0,,,,10.0
59.105884583333335,-39.6368256,A66BFF3F,1.0,,,,10.0
59.031364583333335,-43.6364403,A66BFF3F,1.0,,,,10.0
52.326772500000004,-43.5694046,A66BFF3F,1.0,,,,10.0
52.2890025,-45.5692215,A66BFF3F,1.0,,,,10.0
46.09077125,-45.5124779,A66BFF3F,1.0,,,,10.0
46.03451375,-48.5122337,A66BFF3F,1.0,,,,10.0
41.085308749999996,-48.4710045,A66BFF3F,1.0,,,,10.0
41.04769375,-50.4708595,A66BFF3F,1.0,,,,10.0
37.341210000000004,-50.4425697,A66BFF3F,1.0,,,,10.0
37.28334625,-53.4423561,A66BFF3F,1.0,,,,10.0
33.58414375,-53.4164696,A66BFF3F,1.0,,,,10.0
33.48942458333333,-57.9161568,A66BFF3F,1.0,,,,10.0
21.206228749999998,-57.8484154,A66BFF3F,1.0,,,,10.0
21.2732625,-52.8485603,A66BFF3F,1.0,,,,10.0
24.967354583333332,-52.8658562,A66BFF3F,1.0,,,,10.0
24.993847499999998,-50.8659210,A66BFF3F,1.0,,,,10.0
28.693257083333332,-50.8859215,A66BFF3F,1.0,,,,10.0
28.738322916666664,-47.5527229,A66BFF3F,1.0,,,,10.0
36.1529475,-47.6004944,A66BFF3F,1.0,,,,10.0
36.26401375,-39.4342155,A66BFF3F,1.0,,,,10.0
46.18726041666667,-39.5128975,A66BFF3F,1.0,,,,10.0
46.19332208333334,-39.0962563,A66BFF3F,1.0,,,,10.0
53.64428375,-39.1650963,A66BFF3F,1.0,,,,10.0
53.69960541666666,-35.5820351,A66BFF3F,1.0,,,,10.0
57.430512083333326,-35.6192436,A66BFF3F,1.0,,,,10.0
57.58890125,-24.0033779,A66BFF3F,1.0,,,,10.0
41.14875875,-23.8536034,A66BFF3F,1.0,,,,10.0
41.339221249999994,-1.2210265,A66BFF3F,1.0,,,,10.0
50.83668291666667,-1.3029516,A66BFF3F,1.0,,,,10.0
55.335582083333335,-1.3461887,A66BFF3F,1.0,,,,10.0
26.46599875,-23.7562580,A66BFF3F,1.0,,,,10.0
41.14875875,-23.8536034,A66BFF3F,1.0,,,,10.0
57.58890125,-24.0033779,A66BFF3F,1.0,,,,10.0
57.430512083333326,-35.6192436,A66BFF3F,1.0,,,,10.0
53.69960541666666,-35.5820351,A66BFF3F,1.0,,,,10.0
53.64428375,-39.1650963,A66BFF3F,1.0,,,,10.0
46.19332208333334,-39.0962563,A66BFF3F,1.0,,,,10.0
46.18726041666667,-39.5128975,A66BFF3F,1.0,,,,10.0
36.26401375,-39.4342155,A66BFF3F,1.0,,,,10.0
26.350727916666663,-39.3726234,A66BFF3F,1.0,,,,10.0
26.45888875,-24.8729095,A66BFF3F,1.0,,,,10.0
96.37276375,11.9332972,A66BFF3F,1.0,,,,10.0
96.4439175,17.4328651,A66BFF3F,1.0,,,,10.0
95.06957541666665,17.4495068,A66BFF3F,1.0,,,,10.0
95.12412749999999,21.4491768,A66BFF3F,1.0,,,,10.0
90.12515541666666,21.5098724,A66BFF3F,1.0,,,,10.0
90.1440375,22.8430862,A66BFF3F,1.0,,,,10.0
90.22107125000001,28.0092907,A66BFF3F,1.0,,,,10.0
99.96565791666667,27.8913116,A66BFF3F,1.0,,,,10.0
100.09027625,35.3905640,A66BFF3F,1.0,,,,10.0
112.56071875,35.2445297,A66BFF3F,1.0,,,,10.0
118.28970874999999,35.1810532,A66BFF3F,1.0,,,,10.0
118.25807999999999,33.1812286,A66BFF3F,1.0,,,,10.0
121.99323125000001,33.1415138,A66BFF3F,1.0,,,,10.0
121.91596958333335,27.6419144,A66BFF3F,1.0,,,,10.0
120.17164625,27.6602821,A66BFF3F,1.0,,,,10.0
120.07012375000001,19.6608200,A66BFF3F,1.0,,,,10.0
118.94754458333334,19.6728077,A66BFF3F,1.0,,,,10.0
118.87160541666668,13.1732168,A66BFF3F,1.0,,,,10.0
114.2527275,13.2238064,A66BFF3F,1.0,,,,10.0
114.24100374999999,12.2238722,A66BFF3F,1.0,,,,10.0
106.7482275,12.3095980,A66BFF3F,1.0,,,,10.0
106.71787958333333,9.8097754,A66BFF3F,1.0,,,,10.0
105.71845958333334,9.8214874,A66BFF3F,1.0,,,,10.0
105.742815,11.8213453,A66BFF3F,1.0,,,,10.0
321.9280529166667,-36.4592972,A66BFF3F,1.0,,,,10.0
322.04232125,-44.9588585,A66BFF3F,1.0,,,,10.0
322.11736625,-49.4585724,A66BFF3F,1.0,,,,10.0
331.998825,-49.3911743,A66BFF3F,1.0,,,,10.0
332.113695,-56.3908348,A66BFF3F,1.0,,,,10.0
351.7685220833333,-56.3126869,A66BFF3F,1.0,,,,10.0
351.6927045833333,-39.3127594,A66BFF3F,1.0,,,,10.0
351.6833775,-36.3127670,A66BFF3F,1.0,,,,10.0
346.72751375,-36.3249741,A66BFF3F,1.0,,,,10.0
245.558595,3.7033811,A66BFF3F,1.0,,,,10.0
242.80966791666665,3.6735139,A66BFF3F,1.0,,,,10.0
242.67663000000002,15.6728001,A66BFF3F,1.0,,,,10.0
240.18107375000002,15.6463346,A66BFF3F,1.0,,,,10.0
240.1110075,21.6459675,A66BFF3F,1.0,,,,10.0
241.8565754166667,21.6644115,A66BFF3F,1.0,,,,10.0
241.80573458333333,25.6641407,A66BFF3F,1.0,,,,10.0
243.80018249999998,25.6855946,A66BFF3F,1.0,,,,10.0
243.78670625,26.6855240,A66BFF3F,1.0,,,,10.0
246.27980250000002,26.7128716,A66BFF3F,1.0,,,,10.0
246.07194875,39.7117195,A66BFF3F,1.0,,,,10.0
237.36542708333334,39.6189079,A66BFF3F,1.0,,,,10.0
237.1245854166667,51.1176796,A66BFF3F,1.0,,,,10.0
255.75682625,51.3242683,A66BFF3F,1.0,,,,10.0
255.7863525,50.3244438,A66BFF3F,1.0,,,,10.0
274.25768875,50.5470886,A66BFF3F,1.0,,,,10.0
274.3423754166667,47.5476036,A66BFF3F,1.0,,,,10.0
273.46687375,47.5369873,A66BFF3F,1.0,,,,10.0
273.82438625,30.0391560,A66BFF3F,1.0,,,,10.0
276.70077291666666,30.0739765,A66BFF3F,1.0,,,,10.0
276.76288625,26.0743504,A66BFF3F,1.0,,,,10.0
284.2698675,26.1640968,A66BFF3F,1.0,,,,10.0
284.27716208333334,25.6641407,A66BFF3F,1.0,,,,10.0
284.33913291666664,21.2478352,A66BFF3F,1.0,,,,10.0
284.37363625,18.6647091,A66BFF3F,1.0,,,,10.0
284.45626208333334,12.1651964,A66BFF3F,1.0,,,,10.0
281.388045,12.1287737,A66BFF3F,1.0,,,,10.0
275.2030845833333,12.0543308,A66BFF3F,1.0,,,,10.0
275.17327374999996,14.3874788,A66BFF3F,1.0,,,,10.0
260.1768779166666,14.2060347,A66BFF3F,1.0,,,,10.0
260.1958470833333,12.7061481,A66BFF3F,1.0,,,,10.0
252.7014825,12.6179380,A66BFF3F,1.0,,,,10.0
252.80590958333332,3.7852108,A66BFF3F,1.0,,,,10.0
65.0764125,-39.7007294,A66BFF3F,1.0,,,,10.0
64.88238625,-48.6996651,A66BFF3F,1.0,,,,10.0
62.14990791666667,-48.6699715,A66BFF3F,1.0,,,,10.0
62.098639583333345,-50.6697006,A66BFF3F,1.0,,,,10.0
58.37716625,-50.6304779,A66BFF3F,1.0,,,,10.0
58.318787916666665,-52.7968445,A66BFF3F,1.0,,,,10.0
53.36500208333333,-52.7470779,A66BFF3F,1.0,,,,10.0
53.23681625,-57.0797844,A66BFF3F,1.0,,,,10.0
48.79113125,-57.0377846,A66BFF3F,1.0,,,,10.0
48.362689583333335,-67.0358200,A66BFF3F,1.0,,,,10.0
33.20236041666667,-66.9151917,A66BFF3F,1.0,,,,10.0
33.48942458333333,-57.9161568,A66BFF3F,1.0,,,,10.0
33.58414375,-53.4164696,A66BFF3F,1.0,,,,10.0
37.28334625,-53.4423561,A66BFF3F,1.0,,,,10.0
37.341210000000004,-50.4425697,A66BFF3F,1.0,,,,10.0
41.04769375,-50.4708595,A66BFF3F,1.0,,,,10.0
41.085308749999996,-48.4710045,A66BFF3F,1.0,,,,10.0
46.03451375,-48.5122337,A66BFF3F,1.0,,,,10.0
46.09077125,-45.5124779,A66BFF3F,1.0,,,,10.0
52.2890025,-45.5692215,A66BFF3F,1.0,,,,10.0
52.326772500000004,-43.5694046,A66BFF3F,1.0,,,,10.0
59.031364583333335,-43.6364403,A66BFF3F,1.0,,,,10.0
59.105884583333335,-39.6368256,A66BFF3F,1.0,,,,10.0
122.84900708333335,-0.3693900,A66BFF3F,1.0,,,,10.0
122.92139125,6.6302376,A66BFF3F,1.0,,,,10.0
140.40425875,6.4700689,A66BFF3F,1.0,,,,10.0
145.39841708333333,6.4327669,A66BFF3F,1.0,,,,10.0
145.34890625,-0.5670585,A66BFF3F,1.0,,,,10.0
145.27027208333334,-11.5667810,A66BFF3F,1.0,,,,10.0
162.80791375,-11.6621428,A66BFF3F,1.0,,,,10.0
162.77554041666667,-19.6620827,A66BFF3F,1.0,,,,10.0
164.03058625,-19.6666222,A66BFF3F,1.0,,,,10.0
164.0080829166667,-25.1665821,A66BFF3F,1.0,,,,10.0
179.0913104166667,-25.1957951,A66BFF3F,1.0,,,,10.0
190.404525,-25.1864014,A66BFF3F,1.0,,,,10.0
190.3985025,-22.6864090,A66BFF3F,1.0,,,,10.0
194.16687000000002,-22.6773415,A66BFF3F,1.0,,,,10.0
215.51309125,-22.5727749,A66BFF3F,1.0,,,,10.0
215.53369041666667,-25.0727024,A66BFF3F,1.0,,,,10.0
225.57655375000002,-24.9951096,A66BFF3F,1.0,,,,10.0
225.63076958333332,-29.9948788,A66BFF3F,1.0,,,,10.0
190.41739958333332,-30.1863899,A66BFF3F,1.0,,,,10.0
190.42719875,-33.6863785,A66BFF3F,1.0,,,,10.0
185.38743458333335,-33.6938934,A66BFF3F,1.0,,,,10.0
185.39029625,-35.6938896,A66BFF3F,1.0,,,,10.0
166.47936291666667,-35.6746559,A66BFF3F,1.0,,,,10.0
163.95851541666664,-35.6664963,A66BFF3F,1.0,,,,10.0
163.977885,-31.8332005,A66BFF3F,1.0,,,,10.0
160.20137874999998,-31.8185863,A66BFF3F,1.0,,,,10.0
160.21289375,-29.8186131,A66BFF3F,1.0,,,,10.0
155.18132708333334,-29.7947845,A66BFF3F,1.0,,,,10.0
155.1993375,-27.1281624,A66BFF3F,1.0,,,,10.0
147.65928291666665,-27.0835037,A66BFF3F,1.0,,,,10.0
147.67968125000002,-24.5835705,A66BFF3F,1.0,,,,10.0
141.904335,-24.5425186,A66BFF3F,1.0,,,,10.0
137.63677625,-24.5086308,A66BFF3F,1.0,,,,10.0
137.68497,-19.5088310,A66BFF3F,1.0,,,,10.0
130.16351249999997,-19.4423733,A66BFF3F,1.0,,,,10.0
130.18434,-17.4424706,A66BFF3F,1.0,,,,10.0
126.92709458333333,-17.4112568,A66BFF3F,1.0,,,,10.0
126.98977958333332,-11.4115648,A66BFF3F,1.0,,,,10.0
122.73417874999998,-11.3687992,A66BFF3F,1.0,,,,10.0
68.79401874999999,-67.2479248,A66BFF3F,1.0,,,,10.0
68.58152374999999,-69.7467194,A66BFF3F,1.0,,,,10.0
67.95748499999999,-74.7431641,A66BFF3F,1.0,,,,10.0
52.07578208333334,-74.5741272,A66BFF3F,1.0,,,,10.0
50.09165541666667,-82.0644531,A66BFF3F,1.0,,,,10.0
1.5333912500000002,-81.8039551,A66BFF3F,1.0,,,,10.0
1.5662970833333334,-74.3039627,A66BFF3F,1.0,,,,10.0
12.332437500000001,-74.3185730,A66BFF3F,1.0,,,,10.0
12.295414583333333,-75.3185272,A66BFF3F,1.0,,,,10.0
20.654050416666667,-75.3472214,A66BFF3F,1.0,,,,10.0
21.206228749999998,-57.8484154,A66BFF3F,1.0,,,,10.0
33.48942458333333,-57.9161568,A66BFF3F,1.0,,,,10.0
33.20236041666667,-66.9151917,A66BFF3F,1.0,,,,10.0
48.362689583333335,-67.0358200,A66BFF3F,1.0,,,,10.0
323.1847575,-74.4544678,A66BFF3F,1.0,,,,10.0
351.99783291666665,-74.3124619,A66BFF3F,1.0,,,,10.0
351.86139125,-66.8125992,A66BFF3F,1.0,,,,10.0
332.3985675,-66.8899918,A66BFF3F,1.0,,,,10.0
332.113695,-56.3908348,A66BFF3F,1.0,,,,10.0
331.998825,-49.3911743,A66BFF3F,1.0,,,,10.0
322.11736625,-49.4585724,A66BFF3F,1.0,,,,10.0
322.04232125,-44.9588585,A66BFF3F,1.0,,,,10.0
307.169295,-45.0900002,A66BFF3F,1.0,,,,10.0
307.45880124999996,-56.5885773,A66BFF3F,1.0,,,,10.0
307.56480125,-59.5880547,A66BFF3F,1.0,,,,10.0
322.34865125000005,-59.4576836,A66BFF3F,1.0,,,,10.0
329.4610125,36.5953827,A66BFF3F,1.0,,,,10.0
329.37664041666665,44.3451195,A66BFF3F,1.0,,,,10.0
329.8816395833333,44.3482628,A66BFF3F,1.0,,,,10.0
329.87860625,44.5982513,A66BFF3F,1.0,,,,10.0
330.76266291666667,44.6036453,A66BFF3F,1.0,,,,10.0
330.63921,53.3532715,A66BFF3F,1.0,,,,10.0
333.17467625,53.3679428,A66BFF3F,1.0,,,,10.0
333.13762625,55.6178436,A66BFF3F,1.0,,,,10.0
335.93130125000005,55.6326256,A66BFF3F,1.0,,,,10.0
335.91092999999995,56.8825760,A66BFF3F,1.0,,,,10.0
344.3040270833333,56.9179611,A66BFF3F,1.0,,,,10.0
344.34285124999997,53.1680298,A66BFF3F,1.0,,,,10.0
344.46530375,35.1682358,A66BFF3F,1.0,,,,10.0
343.7091929166666,35.1656151,A66BFF3F,1.0,,,,10.0
343.70653208333334,35.6656113,A66BFF3F,1.0,,,,10.0
331.35955791666663,35.6069336,A66BFF3F,1.0,,,,10.0
331.35046041666664,36.6069069,A66BFF3F,1.0,,,,10.0
162.84971249999998,-0.6622211,A66BFF3F,1.0,,,,10.0
162.87601958333332,6.3377299,A66BFF3F,1.0,,,,10.0
145.39841708333333,6.4327669,A66BFF3F,1.0,,,,10.0
140.40425875,6.4700689,A66BFF3F,1.0,,,,10.0
140.64598500000002,32.9691162,A66BFF3F,1.0,,,,10.0
150.0843854166667,32.9022789,A66BFF3F,1.0,,,,10.0
150.04234375,27.9024086,A66BFF3F,1.0,,,,10.0
159.23840125,27.8529167,A66BFF3F,1.0,,,,10.0
159.2108775,22.8529778,A66BFF3F,1.0,,,,10.0
162.94253875,22.8376045,A66BFF3F,1.0,,,,10.0
162.95149375,24.8375893,A66BFF3F,1.0,,,,10.0
166.6809375,24.8250446,A66BFF3F,1.0,,,,10.0
166.69399791666666,28.3250256,A66BFF3F,1.0,,,,10.0
179.60894125000002,28.3040466,A66BFF3F,1.0,,,,10.0
179.60453541666666,13.3040485,A66BFF3F,1.0,,,,10.0
179.60373458333333,10.3040485,A66BFF3F,1.0,,,,10.0
174.36568791666667,10.3082914,A66BFF3F,1.0,,,,10.0
174.35052458333334,-0.6916979,A66BFF3F,1.0,,,,10.0
174.34229875000003,-6.6916924,A66BFF3F,1.0,,,,10.0
162.82713875,-6.6621790,A66BFF3F,1.0,,,,10.0
140.64598500000002,32.9691162,A66BFF3F,1.0,,,,10.0
140.72163125,39.2188187,A66BFF3F,1.0,,,,10.0
145.6819725,39.1817665,A66BFF3F,1.0,,,,10.0
145.70923791666667,41.4316750,A66BFF3F,1.0,,,,10.0
154.37822375000002,41.3773613,A66BFF3F,1.0,,,,10.0
154.3594125,39.3774109,A66BFF3F,1.0,,,,10.0
163.52316875,39.3356133,A66BFF3F,1.0,,,,10.0
163.48940875,33.3356781,A66BFF3F,1.0,,,,10.0
166.71422541666664,33.3249931,A66BFF3F,1.0,,,,10.0
166.69399791666666,28.3250256,A66BFF3F,1.0,,,,10.0
166.6809375,24.8250446,A66BFF3F,1.0,,,,10.0
162.95149375,24.8375893,A66BFF3F,1.0,,,,10.0
162.94253875,22.8376045,A66BFF3F,1.0,,,,10.0
159.2108775,22.8529778,A66BFF3F,1.0,,,,10.0
159.23840125,27.8529167,A66BFF3F,1.0,,,,10.0
150.04234375,27.9024086,A66BFF3F,1.0,,,,10.0
150.0843854166667,32.9022789,A66BFF3F,1.0,,,,10.0
73.75929625,-27.0479794,A66BFF3F,1.0,,,,10.0
76.2549375,-27.0772038,A66BFF3F,1.0,,,,10.0
92.99256625,-27.2787991,A66BFF3F,1.0,,,,10.0
93.215625,-11.0301533,A66BFF3F,1.0,,,,10.0
88.96579041666666,-10.9785318,A66BFF3F,1.0,,,,10.0
77.72003125,-10.8432293,A66BFF3F,1.0,,,,10.0
75.22175125000001,-10.8138046,A66BFF3F,1.0,,,,10.0
75.17871458333335,-14.3135529,A66BFF3F,1.0,,,,10.0
73.92979791666667,-14.2989721,A66BFF3F,1.0,,,,10.0
227.85301208333334,-0.4742887,A66BFF3F,1.0,,,,10.0
221.6030925,-0.5269387,A66BFF3F,1.0,,,,10.0
221.66710791666668,-8.5266848,A66BFF3F,1.0,,,,10.0
215.40850625,-8.5731344,A66BFF3F,1.0,,,,10.0
215.51309125,-22.5727749,A66BFF3F,1.0,,,,10.0
215.53369041666667,-25.0727024,A66BFF3F,1.0,,,,10.0
225.57655375000002,-24.9951096,A66BFF3F,1.0,,,,10.0
225.63076958333332,-29.9948788,A66BFF3F,1.0,,,,10.0
236.92998,-29.8896160,A66BFF3F,1.0,,,,10.0
236.81306375,-20.3902016,A66BFF3F,1.0,,,,10.0
240.57177625000006,-20.3516178,A66BFF3F,1.0,,,,10.0
240.43727875,-8.3523235,A66BFF3F,1.0,,,,10.0
240.38695374999998,-3.6025870,A66BFF3F,1.0,,,,10.0
227.88195125000001,-3.7241600,A66BFF3F,1.0,,,,10.0
214.65681625000002,-55.5799522,A66BFF3F,1.0,,,,10.0
220.23446541666664,-55.5400887,A66BFF3F,1.0,,,,10.0
228.08351125,-55.4754944,A66BFF3F,1.0,,,,10.0
228.05671625,-54.4756165,A66BFF3F,1.0,,,,10.0
232.3533720833333,-54.4364166,A66BFF3F,1.0,,,,10.0
232.20724625,-48.4371071,A66BFF3F,1.0,,,,10.0
237.24728125000001,-48.3880234,A66BFF3F,1.0,,,,10.0
237.1245854166667,-42.3886375,A66BFF3F,1.0,,,,10.0
242.15280625000003,-42.3366776,A66BFF3F,1.0,,,,10.0
241.94769874999997,-29.8377628,A66BFF3F,1.0,,,,10.0
236.92998,-29.8896160,A66BFF3F,1.0,,,,10.0
225.63076958333332,-29.9948788,A66BFF3F,1.0,,,,10.0
225.79627958333336,-42.4941750,A66BFF3F,1.0,,,,10.0
214.45026458333334,-42.5806465,A66BFF3F,1.0,,,,10.0
112.56071875,35.2445297,A66BFF3F,1.0,,,,10.0
112.73412458333333,44.2435493,A66BFF3F,1.0,,,,10.0
104.26530291666667,44.3418388,A66BFF3F,1.0,,,,10.0
104.40635875,49.8410034,A66BFF3F,1.0,,,,10.0
99.91945958333335,49.8945885,A66BFF3F,1.0,,,,10.0
100.04603125,53.8938293,A66BFF3F,1.0,,,,10.0
94.05736625,53.9662552,A66BFF3F,1.0,,,,10.0
94.13108874999999,55.9658089,A66BFF3F,1.0,,,,10.0
94.40745625,61.9641266,A66BFF3F,1.0,,,,10.0
107.8515525,61.8031464,A66BFF3F,1.0,,,,10.0
107.7531975,59.8037262,A66BFF3F,1.0,,,,10.0
122.12910124999999,59.6433983,A66BFF3F,1.0,,,,10.0
128.79913375,59.5759888,A66BFF3F,1.0,,,,10.0
128.44010375000002,46.5777283,A66BFF3F,1.0,,,,10.0
139.59071125,46.4782791,A66BFF3F,1.0,,,,10.0
139.51249041666668,41.4785957,A66BFF3F,1.0,,,,10.0
145.70923791666667,41.4316750,A66BFF3F,1.0,,,,10.0
145.6819725,39.1817665,A66BFF3F,1.0,,,,10.0
140.72163125,39.2188187,A66BFF3F,1.0,,,,10.0
140.64598500000002,32.9691162,A66BFF3F,1.0,,,,10.0
121.99323125000001,33.1415138,A66BFF3F,1.0,,,,10.0
118.25807999999999,33.1812286,A66BFF3F,1.0,,,,10.0
118.28970874999999,35.1810532,A66BFF3F,1.0,,,,10.0
284.27716208333334,25.6641407,A66BFF3F,1.0,,,,10.0
284.2698675,26.1640968,A66BFF3F,1.0,,,,10.0
276.76288625,26.0743504,A66BFF3F,1.0,,,,10.0
276.70077291666666,30.0739765,A66BFF3F,1.0,,,,10.0
273.82438625,30.0391560,A66BFF3F,1.0,,,,10.0
273.46687375,47.5369873,A66BFF3F,1.0,,,,10.0
274.3423754166667,47.5476036,A66BFF3F,1.0,,,,10.0
287.1206475,47.6998672,A66BFF3F,1.0,,,,10.0
288.37552041666663,47.7143936,A66BFF3F,1.0,,,,10.0
288.4703070833333,43.7149391,A66BFF3F,1.0,,,,10.0
291.9835275,43.7550354,A66BFF3F,1.0,,,,10.0
292.1196554166666,36.7558022,A66BFF3F,1.0,,,,10.0
291.4926045833334,36.7487144,A66BFF3F,1.0,,,,10.0
291.59877750000004,30.2493153,A66BFF3F,1.0,,,,10.0
290.0952525,30.2321968,A66BFF3F,1.0,,,,10.0
290.13264624999994,27.7324085,A66BFF3F,1.0,,,,10.0
290.16131375,25.7325745,A66BFF3F,1.0,,,,10.0
109.01970875,-85.2614441,A66BFF3F,1.0,,,,10.0
48.23292000000001,-84.5553818,A66BFF3F,1.0,,,,10.0
50.09165541666667,-82.0644531,A66BFF3F,1.0,,,,10.0
52.07578208333334,-74.5741272,A66BFF3F,1.0,,,,10.0
67.95748499999999,-74.7431641,A66BFF3F,1.0,,,,10.0
68.58152374999999,-69.7467194,A66BFF3F,1.0,,,,10.0
98.45442291666666,-70.1041336,A66BFF3F,1.0,,,,10.0
97.77070958333333,-75.1000366,A66BFF3F,1.0,,,,10.0
114.21470375,-75.2899170,A66BFF3F,1.0,,,,10.0
111.65211458333334,-82.7758865,A66BFF3F,1.0,,,,10.0
306.89795541666666,-27.5913391,A66BFF3F,1.0,,,,10.0
321.83163625000003,-27.4596672,A66BFF3F,1.0,,,,10.0
321.9280529166667,-36.4592972,A66BFF3F,1.0,,,,10.0
322.04232125,-44.9588585,A66BFF3F,1.0,,,,10.0
307.169295,-45.0900002,A66BFF3F,1.0,,,,10.0
95.22568041666666,-0.0537102,A66BFF3F,1.0,,,,10.0
95.34803124999999,9.9455481,A66BFF3F,1.0,,,,10.0
96.34766541666667,9.9334478,A66BFF3F,1.0,,,,10.0
96.37276375,11.9332972,A66BFF3F,1.0,,,,10.0
105.742815,11.8213453,A66BFF3F,1.0,,,,10.0
105.71845958333334,9.8214874,A66BFF3F,1.0,,,,10.0
106.71787958333333,9.8097754,A66BFF3F,1.0,,,,10.0
106.66432208333333,5.3100886,A66BFF3F,1.0,,,,10.0
106.91427458333332,5.3071680,A66BFF3F,1.0,,,,10.0
106.86739625,1.3074419,A66BFF3F,1.0,,,,10.0
109.61691875,1.2755718,A66BFF3F,1.0,,,,10.0
109.59966625,-0.2243290,A66BFF3F,1.0,,,,10.0
122.84900708333335,-0.3693900,A66BFF3F,1.0,,,,10.0
122.73417874999998,-11.3687992,A66BFF3F,1.0,,,,10.0
111.97339958333333,-11.2521448,A66BFF3F,1.0,,,,10.0
93.215625,-11.0301533,A66BFF3F,1.0,,,,10.0
88.96579041666666,-10.9785318,A66BFF3F,1.0,,,,10.0
89.05237208333334,-3.9790573,A66BFF3F,1.0,,,,10.0
95.17714208333334,-4.0534163,A66BFF3F,1.0,,,,10.0
170.08481125,-64.6842651,A66BFF3F,1.0,,,,10.0
169.85697291666668,-75.6840134,A66BFF3F,1.0,,,,10.0
207.78143375,-75.6235962,A66BFF3F,1.0,,,,10.0
207.46087041666667,-70.6244431,A66BFF3F,1.0,,,,10.0
207.26802291666667,-65.6249542,A66BFF3F,1.0,,,,10.0
204.70747958333334,-65.6378784,A66BFF3F,1.0,,,,10.0
204.68028625,-64.6379395,A66BFF3F,1.0,,,,10.0
194.43838041666663,-64.6769638,A66BFF3F,1.0,,,,10.0
179.05736374999998,-64.6957855,A66BFF3F,1.0,,,,10.0
232.5498675,-60.4354935,A66BFF3F,1.0,,,,10.0
249.03468125,-60.2644577,A66BFF3F,1.0,,,,10.0
248.57062375,-45.7670517,A66BFF3F,1.0,,,,10.0
248.49477750000003,-42.2674789,A66BFF3F,1.0,,,,10.0
242.15280625000003,-42.3366776,A66BFF3F,1.0,,,,10.0
237.1245854166667,-42.3886375,A66BFF3F,1.0,,,,10.0
237.24728125000001,-48.3880234,A66BFF3F,1.0,,,,10.0
232.20724625,-48.4371071,A66BFF3F,1.0,,,,10.0
232.3533720833333,-54.4364166,A66BFF3F,1.0,,,,10.0
228.05671625,-54.4756165,A66BFF3F,1.0,,,,10.0
228.08351125,-55.4754944,A66BFF3F,1.0,,,,10.0
232.38191124999997,-55.4362831,A66BFF3F,1.0,,,,10.0
1.5333912500000002,-81.8039551,A66BFF3F,1.0,,,,10.0
50.09165541666667,-82.0644531,A66BFF3F,1.0,,,,10.0
48.23292000000001,-84.5553818,A66BFF3F,1.0,,,,10.0
109.01970875,-85.2614441,A66BFF3F,1.0,,,,10.0
111.65211458333334,-82.7758865,A66BFF3F,1.0,,,,10.0
209.11110875,-83.1200714,A66BFF3F,1.0,,,,10.0
276.86599791666663,-82.4582748,A66BFF3F,1.0,,,,10.0
274.19506041666665,-74.9745178,A66BFF3F,1.0,,,,10.0
323.1847575,-74.4544678,A66BFF3F,1.0,,,,10.0
351.99783291666665,-74.3124619,A66BFF3F,1.0,,,,10.0
1.56630625,-74.3039627,A66BFF3F,1.0,,,,10.0
245.60262749999998,-0.2963768,A66BFF3F,1.0,,,,10.0
245.558595,3.7033811,A66BFF3F,1.0,,,,10.0
252.80590958333332,3.7852108,A66BFF3F,1.0,,,,10.0
252.7014825,12.6179380,A66BFF3F,1.0,,,,10.0
260.1958470833333,12.7061481,A66BFF3F,1.0,,,,10.0
260.1768779166666,14.2060347,A66BFF3F,1.0,,,,10.0
275.17327374999996,14.3874788,A66BFF3F,1.0,,,,10.0
275.2030845833333,12.0543308,A66BFF3F,1.0,,,,10.0
281.388045,12.1287737,A66BFF3F,1.0,,,,10.0
281.45856875,6.3791943,A66BFF3F,1.0,,,,10.0
275.2746104166667,6.3047633,A66BFF3F,1.0,,,,10.0
275.29601125000005,4.5548930,A66BFF3F,1.0,,,,10.0
277.87113125,4.5860157,A66BFF3F,1.0,,,,10.0
277.8892995833333,3.0861249,A66BFF3F,1.0,,,,10.0
275.31423625,3.0550034,A66BFF3F,1.0,,,,10.0
275.35059875,0.0552235,A66BFF3F,1.0,,,,10.0
269.10103791666666,-0.0206471,A66BFF3F,1.0,,,,10.0
269.14970375,-4.0203514,A66BFF3F,1.0,,,,10.0
271.14967375,-3.9960551,A66BFF3F,1.0,,,,10.0
271.22371625,-9.9956055,A66BFF3F,1.0,,,,10.0
266.72375708333334,-10.0502338,A66BFF3F,1.0,,,,10.0
266.74469999999997,-11.7167768,A66BFF3F,1.0,,,,10.0
265.49440375,-11.7319136,A66BFF3F,1.0,,,,10.0
265.47349041666666,-10.0653696,A66BFF3F,1.0,,,,10.0
259.22206958333334,-10.1404381,A66BFF3F,1.0,,,,10.0
259.29742791666666,-16.1399899,A66BFF3F,1.0,,,,10.0
265.8001904166666,-16.0618820,A66BFF3F,1.0,,,,10.0
266.00183541666667,-30.0606632,A66BFF3F,1.0,,,,10.0
253.23534875,-30.2123089,A66BFF3F,1.0,,,,10.0
253.1556704166667,-24.7960968,A66BFF3F,1.0,,,,10.0
245.89144624999997,-24.8781185,A66BFF3F,1.0,,,,10.0
245.82298375,-19.5451660,A66BFF3F,1.0,,,,10.0
247.45067541666668,-19.5271549,A66BFF3F,1.0,,,,10.0
247.43823000000003,-18.5272255,A66BFF3F,1.0,,,,10.0
245.81068041666666,-18.5452347,A66BFF3F,1.0,,,,10.0
245.69120375000003,-8.2958899,A66BFF3F,1.0,,,,10.0
240.43727875,-8.3523235,A66BFF3F,1.0,,,,10.0
240.38695374999998,-3.6025870,A66BFF3F,1.0,,,,10.0
245.63838875,-3.5461800,A66BFF3F,1.0,,,,10.0
70.85236041666666,0.2375014,A66BFF3F,1.0,,,,10.0
71.03402875,15.7364635,A66BFF3F,1.0,,,,10.0
76.28892625,15.6755352,A66BFF3F,1.0,,,,10.0
76.29527875,16.1754990,A66BFF3F,1.0,,,,10.0
81.7987125,16.1101055,A66BFF3F,1.0,,,,10.0
81.7922325,15.6101446,A66BFF3F,1.0,,,,10.0
85.79364625,15.5619202,A66BFF3F,1.0,,,,10.0
85.75505708333334,12.5621548,A66BFF3F,1.0,,,,10.0
88.25536958333332,12.5318508,A66BFF3F,1.0,,,,10.0
88.32716708333332,18.0314159,A66BFF3F,1.0,,,,10.0
87.32698208333332,18.0435486,A66BFF3F,1.0,,,,10.0
87.39379375,22.8764725,A66BFF3F,1.0,,,,10.0
90.1440375,22.8430862,A66BFF3F,1.0,,,,10.0
90.12515541666666,21.5098724,A66BFF3F,1.0,,,,10.0
95.12412749999999,21.4491768,A66BFF3F,1.0,,,,10.0
95.06957541666665,17.4495068,A66BFF3F,1.0,,,,10.0
96.4439175,17.4328651,A66BFF3F,1.0,,,,10.0
96.37276375,11.9332972,A66BFF3F,1.0,,,,10.0
96.34766541666667,9.9334478,A66BFF3F,1.0,,,,10.0
95.34803124999999,9.9455481,A66BFF3F,1.0,,,,10.0
95.22568041666666,-0.0537102,A66BFF3F,1.0,,,,10.0
95.17714208333334,-4.0534163,A66BFF3F,1.0,,,,10.0
89.05237208333334,-3.9790573,A66BFF3F,1.0,,,,10.0
88.96579041666666,-10.9785318,A66BFF3F,1.0,,,,10.0
77.72003125,-10.8432293,A66BFF3F,1.0,,,,10.0
77.80439541666668,-3.8437285,A66BFF3F,1.0,,,,10.0
71.55635874999999,-3.7708201,A66BFF3F,1.0,,,,10.0
71.60231375,0.2289162,A66BFF3F,1.0,,,,10.0
274.19506041666665,-74.9745178,A66BFF3F,1.0,,,,10.0
323.1847575,-74.4544678,A66BFF3F,1.0,,,,10.0
322.34865125000005,-59.4576836,A66BFF3F,1.0,,,,10.0
307.56480125,-59.5880547,A66BFF3F,1.0,,,,10.0
307.45880124999996,-56.5885773,A66BFF3F,1.0,,,,10.0
272.67225291666665,-56.9837723,A66BFF3F,1.0,,,,10.0
265.16818958333334,-57.0747757,A66BFF3F,1.0,,,,10.0
265.77572875,-67.5711060,A66BFF3F,1.0,,,,10.0
273.2800770833333,-67.4800797,A66BFF3F,1.0,,,,10.0
321.58347125,2.5393796,A66BFF3F,1.0,,,,10.0
321.50110208333336,13.0390635,A66BFF3F,1.0,,,,10.0
318.244515,13.0132008,A66BFF3F,1.0,,,,10.0
318.2502645833333,12.3465548,A66BFF3F,1.0,,,,10.0
317.24836375,12.3382607,A66BFF3F,1.0,,,,10.0
317.1787829166667,20.0046406,A66BFF3F,1.0,,,,10.0
320.18840874999995,20.0290813,A66BFF3F,1.0,,,,10.0
320.15170041666664,24.0289364,A66BFF3F,1.0,,,,10.0
322.66201958333335,24.0482101,A66BFF3F,1.0,,,,10.0
322.62016375,28.5480537,A66BFF3F,1.0,,,,10.0
327.39518125,28.5817947,A66BFF3F,1.0,,,,10.0
327.319965,36.5815468,A66BFF3F,1.0,,,,10.0
329.4610125,36.5953827,A66BFF3F,1.0,,,,10.0
331.35046041666664,36.6069069,A66BFF3F,1.0,,,,10.0
331.35955791666663,35.6069336,A66BFF3F,1.0,,,,10.0
343.70653208333334,35.6656113,A66BFF3F,1.0,,,,10.0
343.7091929166666,35.1656151,A66BFF3F,1.0,,,,10.0
344.46530375,35.1682358,A66BFF3F,1.0,,,,10.0
354.04417958333335,35.1913109,A66BFF3F,1.0,,,,10.0
354.0491579166667,32.7746468,A66BFF3F,1.0,,,,10.0
357.8280825,32.7785072,A66BFF3F,1.0,,,,10.0
357.82874125000006,32.0285034,A66BFF3F,1.0,,,,10.0
1.6069770833333334,32.0293655,A66BFF3F,1.0,,,,10.0
1.6062162500000001,28.6960354,A66BFF3F,1.0,,,,10.0
2.6128425,28.6957588,A66BFF3F,1.0,,,,10.0
2.61001625,22.6957588,A66BFF3F,1.0,,,,10.0
3.7406445833333333,22.6951923,A66BFF3F,1.0,,,,10.0
3.73992125,21.6951923,A66BFF3F,1.0,,,,10.0
3.734117916666667,13.1951942,A66BFF3F,1.0,,,,10.0
1.6031745833333335,13.1960354,A66BFF3F,1.0,,,,10.0
1.6027304166666667,10.6960354,A66BFF3F,1.0,,,,10.0
359.09711875,10.6957970,A66BFF3F,1.0,,,,10.0
359.09803375,8.1957970,A66BFF3F,1.0,,,,10.0
342.82141624999997,8.1621685,A66BFF3F,1.0,,,,10.0
342.84221708333337,2.6622071,A66BFF3F,1.0,,,,10.0
331.58726708333336,2.6076074,A66BFF3F,1.0,,,,10.0
331.58875500000005,2.3576119,A66BFF3F,1.0,,,,10.0
326.58708624999997,2.3256910,A66BFF3F,1.0,,,,10.0
326.58021875000003,3.3256676,A66BFF3F,1.0,,,,10.0
323.57874875,3.3043909,A66BFF3F,1.0,,,,10.0
323.5842704166667,2.5544112,A66BFF3F,1.0,,,,10.0
42.62838,31.1865025,A66BFF3F,1.0,,,,10.0
42.66646791666667,34.5196762,A66BFF3F,1.0,,,,10.0
40.40238291666667,34.5375137,A66BFF3F,1.0,,,,10.0
40.434658750000004,37.2873878,A66BFF3F,1.0,,,,10.0
39.67934125,37.2931557,A66BFF3F,1.0,,,,10.0
39.885478750000004,51.0423737,A66BFF3F,1.0,,,,10.0
32.673801250000004,51.0925827,A66BFF3F,1.0,,,,10.0
32.62149125,47.5927505,A66BFF3F,1.0,,,,10.0
26.931439583333333,47.6258430,A66BFF3F,1.0,,,,10.0
26.968523749999996,50.6257439,A66BFF3F,1.0,,,,10.0
22.407936250000002,50.6478767,A66BFF3F,1.0,,,,10.0
22.45601375,54.6477699,A66BFF3F,1.0,,,,10.0
27.533641250000002,54.6228828,A66BFF3F,1.0,,,,10.0
27.595222500000002,58.1227188,A66BFF3F,1.0,,,,10.0
30.77362375,58.1046753,A66BFF3F,1.0,,,,10.0
30.79562541666666,59.1046104,A66BFF3F,1.0,,,,10.0
38.802355416666664,59.0511551,A66BFF3F,1.0,,,,10.0
38.762337083333335,57.5513000,A66BFF3F,1.0,,,,10.0
48.90093,57.4684982,A66BFF3F,1.0,,,,10.0
49.913496249999994,57.4593849,A66BFF3F,1.0,,,,10.0
49.85402249999999,55.4596519,A66BFF3F,1.0,,,,10.0
52.38190041666667,55.4362831,A66BFF3F,1.0,,,,10.0
52.313086250000005,52.9366074,A66BFF3F,1.0,,,,10.0
72.840285,52.7196465,A66BFF3F,1.0,,,,10.0
72.45734374999999,36.2218513,A66BFF3F,1.0,,,,10.0
69.57384125,36.2547150,A66BFF3F,1.0,,,,10.0
69.48693750000001,30.9218750,A66BFF3F,1.0,,,,10.0
52.426667916666666,31.1003609,A66BFF3F,1.0,,,,10.0
351.6927045833333,-39.3127594,A66BFF3F,1.0,,,,10.0
351.7685220833333,-56.3126869,A66BFF3F,1.0,,,,10.0
351.77839374999996,-57.8126793,A66BFF3F,1.0,,,,10.0
21.206228749999998,-57.8484154,A66BFF3F,1.0,,,,10.0
21.2732625,-52.8485603,A66BFF3F,1.0,,,,10.0
24.967354583333332,-52.8658562,A66BFF3F,1.0,,,,10.0
24.993847499999998,-50.8659210,A66BFF3F,1.0,,,,10.0
28.693257083333332,-50.8859215,A66BFF3F,1.0,,,,10.0
28.738322916666664,-47.5527229,A66BFF3F,1.0,,,,10.0
36.1529475,-47.6004944,A66BFF3F,1.0,,,,10.0
36.26401375,-39.4342155,A66BFF3F,1.0,,,,10.0
26.350727916666663,-39.3726234,A66BFF3F,1.0,,,,10.0
90.95177708333333,-43.0057793,A66BFF3F,1.0,,,,10.0
75.97444374999999,-42.8255501,A66BFF3F,1.0,,,,10.0
73.48237041666665,-42.7963676,A66BFF3F,1.0,,,,10.0
73.40208291666666,-46.2959023,A66BFF3F,1.0,,,,10.0
68.42409625,-46.2387962,A66BFF3F,1.0,,,,10.0
68.36224791666666,-48.7384491,A66BFF3F,1.0,,,,10.0
68.21774541666667,-53.7376366,A66BFF3F,1.0,,,,10.0
75.67701749999999,-53.8238029,A66BFF3F,1.0,,,,10.0
75.54774291666666,-57.3230400,A66BFF3F,1.0,,,,10.0
83.01880374999999,-57.4122620,A66BFF3F,1.0,,,,10.0
82.85761375,-60.9112892,A66BFF3F,1.0,,,,10.0
90.34506125,-61.0020981,A66BFF3F,1.0,,,,10.0
90.17364291666667,-64.0010529,A66BFF3F,1.0,,,,10.0
98.93724875,-64.1070251,A66BFF3F,1.0,,,,10.0
102.70331375,-64.1518784,A66BFF3F,1.0,,,,10.0
103.01111708333333,-58.1537018,A66BFF3F,1.0,,,,10.0
97.99507791666667,-58.0938416,A66BFF3F,1.0,,,,10.0
98.11427541666666,-55.0945587,A66BFF3F,1.0,,,,10.0
93.1074,-55.0340500,A66BFF3F,1.0,,,,10.0
93.19435375,-52.5345764,A66BFF3F,1.0,,,,10.0
90.69370500000001,-52.5042114,A66BFF3F,1.0,,,,10.0
90.74890208333333,-50.7545471,A66BFF3F,1.0,,,,10.0
342.8497125,0.6622211,A66BFF3F,1.0,,,,10.0
342.84221708333337,2.6622071,A66BFF3F,1.0,,,,10.0
342.82141624999997,8.1621685,A66BFF3F,1.0,,,,10.0
359.09803375,8.1957970,A66BFF3F,1.0,,,,10.0
359.09711875,10.6957970,A66BFF3F,1.0,,,,10.0
1.6027304166666667,10.6960354,A66BFF3F,1.0,,,,10.0
1.6031745833333335,13.1960354,A66BFF3F,1.0,,,,10.0
3.734117916666667,13.1951942,A66BFF3F,1.0,,,,10.0
3.73992125,21.6951923,A66BFF3F,1.0,,,,10.0
14.414815416666666,21.6766376,A66BFF3F,1.0,,,,10.0
14.424064583333333,24.4266243,A66BFF3F,1.0,,,,10.0
12.41349125,24.4319324,A66BFF3F,1.0,,,,10.0
12.443063749999999,33.6818962,A66BFF3F,1.0,,,,10.0
22.89742625,33.6453705,A66BFF3F,1.0,,,,10.0
22.866419999999998,28.6454391,A66BFF3F,1.0,,,,10.0
26.76471,28.6262817,A66BFF3F,1.0,,,,10.0
26.74467458333333,25.6263351,A66BFF3F,1.0,,,,10.0
26.65573375,10.5432396,A66BFF3F,1.0,,,,10.0
31.665247500000003,10.5143948,A66BFF3F,1.0,,,,10.0
31.61526625,2.5978806,A66BFF3F,1.0,,,,10.0
6.6037875,2.6925383,A66BFF3F,1.0,,,,10.0
6.60132875,0.6925398,A66BFF3F,1.0,,,,10.0
6.5927025,-6.3074551,A66BFF3F,1.0,,,,10.0
359.10329875,-6.3042021,A66BFF3F,1.0,,,,10.0
359.10221125,-3.3042023,A66BFF3F,1.0,,,,10.0
342.86470375,-3.3377509,A66BFF3F,1.0,,,,10.0
346.68096625000004,-24.8250446,A66BFF3F,1.0,,,,10.0
329.77028875,-24.9040413,A66BFF3F,1.0,,,,10.0
321.8077754166667,-24.9597607,A66BFF3F,1.0,,,,10.0
321.83163625000003,-27.4596672,A66BFF3F,1.0,,,,10.0
321.9280529166667,-36.4592972,A66BFF3F,1.0,,,,10.0
346.72751375,-36.3249741,A66BFF3F,1.0,,,,10.0
111.97339958333333,-11.2521448,A66BFF3F,1.0,,,,10.0
111.67719875,-33.2504692,A66BFF3F,1.0,,,,10.0
99.90385958333333,-33.1128159,A66BFF3F,1.0,,,,10.0
99.70891624999999,-43.1116486,A66BFF3F,1.0,,,,10.0
90.95177708333333,-43.0057793,A66BFF3F,1.0,,,,10.0
90.74890208333333,-50.7545471,A66BFF3F,1.0,,,,10.0
120.86169750000002,-51.1025848,A66BFF3F,1.0,,,,10.0
121.03827874999999,-43.3535042,A66BFF3F,1.0,,,,10.0
126.57231291666668,-43.4095192,A66BFF3F,1.0,,,,10.0
126.67779875,-37.1600380,A66BFF3F,1.0,,,,10.0
126.92709458333333,-17.4112568,A66BFF3F,1.0,,,,10.0
126.98977958333332,-11.4115648,A66BFF3F,1.0,,,,10.0
122.73417874999998,-11.3687992,A66BFF3F,1.0,,,,10.0
126.92709458333333,-17.4112568,A66BFF3F,1.0,,,,10.0
130.18434,-17.4424706,A66BFF3F,1.0,,,,10.0
130.16351249999997,-19.4423733,A66BFF3F,1.0,,,,10.0
137.68497,-19.5088310,A66BFF3F,1.0,,,,10.0
137.63677625,-24.5086308,A66BFF3F,1.0,,,,10.0
141.904335,-24.5425186,A66BFF3F,1.0,,,,10.0
141.77159875,-37.2920151,A66BFF3F,1.0,,,,10.0
126.67779875,-37.1600380,A66BFF3F,1.0,,,,10.0
48.362689583333335,-67.0358200,A66BFF3F,1.0,,,,10.0
68.79401874999999,-67.2479248,A66BFF3F,1.0,,,,10.0
69.27453458333333,-58.7506638,A66BFF3F,1.0,,,,10.0
65.55458999999999,-58.7088547,A66BFF3F,1.0,,,,10.0
65.65046249999999,-56.2093849,A66BFF3F,1.0,,,,10.0
60.692918750000004,-56.1555862,A66BFF3F,1.0,,,,10.0
60.79789625,-52.8228111,A66BFF3F,1.0,,,,10.0
58.318787916666665,-52.7968445,A66BFF3F,1.0,,,,10.0
53.36500208333333,-52.7470779,A66BFF3F,1.0,,,,10.0
53.23681625,-57.0797844,A66BFF3F,1.0,,,,10.0
48.79113125,-57.0377846,A66BFF3F,1.0,,,,10.0
284.37363625,18.6647091,A66BFF3F,1.0,,,,10.0
284.33913291666664,21.2478352,A66BFF3F,1.0,,,,10.0
290.09631125,21.3148155,A66BFF3F,1.0,,,,10.0
290.1212879166667,19.3982983,A66BFF3F,1.0,,,,10.0
298.88568875000004,19.4955387,A66BFF3F,1.0,,,,10.0
298.86025500000005,21.5787334,A66BFF3F,1.0,,,,10.0
305.12540874999996,21.6436558,A66BFF3F,1.0,,,,10.0
305.13404875,20.8936996,A66BFF3F,1.0,,,,10.0
305.18694875,16.1439629,A66BFF3F,1.0,,,,10.0
303.55899750000003,16.1275158,A66BFF3F,1.0,,,,10.0
298.926,16.0790844,A66BFF3F,1.0,,,,10.0
298.9211654166667,16.4957294,A66BFF3F,1.0,,,,10.0
286.40547749999996,16.3550682,A66BFF3F,1.0,,,,10.0
286.37549375000003,18.6882229,A66BFF3F,1.0,,,,10.0
284.74405375,-11.8664360,A66BFF3F,1.0,,,,10.0
284.79372,-15.8328123,A66BFF3F,1.0,,,,10.0
275.54952625,-15.9435720,A66BFF3F,1.0,,,,10.0
265.8001904166666,-16.0618820,A66BFF3F,1.0,,,,10.0
266.00183541666667,-30.0606632,A66BFF3F,1.0,,,,10.0
269.50281125,-30.0182076,A66BFF3F,1.0,,,,10.0
269.62546375,-37.0174599,A66BFF3F,1.0,,,,10.0
289.59631958333335,-36.7785645,A66BFF3F,1.0,,,,10.0
289.76964,-45.2775650,A66BFF3F,1.0,,,,10.0
307.169295,-45.0900002,A66BFF3F,1.0,,,,10.0
306.89795541666666,-27.5913391,A66BFF3F,1.0,,,,10.0
301.9159695833333,-27.6419144,A66BFF3F,1.0,,,,10.0
301.72636958333334,-11.6762342,A66BFF3F,1.0,,,,10.0
240.43727875,-8.3523235,A66BFF3F,1.0,,,,10.0
245.69120375000003,-8.2958899,A66BFF3F,1.0,,,,10.0
245.81068041666666,-18.5452347,A66BFF3F,1.0,,,,10.0
247.43823000000003,-18.5272255,A66BFF3F,1.0,,,,10.0
247.45067541666668,-19.5271549,A66BFF3F,1.0,,,,10.0
245.82298375,-19.5451660,A66BFF3F,1.0,,,,10.0
245.89144624999997,-24.8781185,A66BFF3F,1.0,,,,10.0
253.1556704166667,-24.7960968,A66BFF3F,1.0,,,,10.0
253.23534875,-30.2123089,A66BFF3F,1.0,,,,10.0
266.00183541666667,-30.0606632,A66BFF3F,1.0,,,,10.0
269.50281125,-30.0182076,A66BFF3F,1.0,,,,10.0
269.62546375,-37.0174599,A66BFF3F,1.0,,,,10.0
269.80928375,-45.5163460,A66BFF3F,1.0,,,,10.0
248.57062375,-45.7670517,A66BFF3F,1.0,,,,10.0
248.49477750000003,-42.2674789,A66BFF3F,1.0,,,,10.0
242.15280625000003,-42.3366776,A66BFF3F,1.0,,,,10.0
241.94769874999997,-29.8377628,A66BFF3F,1.0,,,,10.0
236.92998,-29.8896160,A66BFF3F,1.0,,,,10.0
236.81306375,-20.3902016,A66BFF3F,1.0,,,,10.0
240.57177625000006,-20.3516178,A66BFF3F,1.0,,,,10.0
346.68096625000004,-24.8250446,A66BFF3F,1.0,,,,10.0
359.11056458333337,-24.8042011,A66BFF3F,1.0,,,,10.0
26.45888875,-24.8729095,A66BFF3F,1.0,,,,10.0
26.350727916666663,-39.3726234,A66BFF3F,1.0,,,,10.0
351.6927045833333,-39.3127594,A66BFF3F,1.0,,,,10.0
351.6833775,-36.3127670,A66BFF3F,1.0,,,,10.0
346.72751375,-36.3249741,A66BFF3F,1.0,,,,10.0
275.54952625,-15.9435720,A66BFF3F,1.0,,,,10.0
284.79372,-15.8328123,A66BFF3F,1.0,,,,10.0
284.74405375,-11.8664360,A66BFF3F,1.0,,,,10.0
284.6472929166667,-3.8336766,A66BFF3F,1.0,,,,10.0
280.3981875,-3.8842230,A66BFF3F,1.0,,,,10.0
275.39912250000003,-3.9444826,A66BFF3F,1.0,,,,10.0
145.34890625,-0.5670585,A66BFF3F,1.0,,,,10.0
145.39841708333333,6.4327669,A66BFF3F,1.0,,,,10.0
162.87601958333332,6.3377299,A66BFF3F,1.0,,,,10.0
162.84971249999998,-0.6622211,A66BFF3F,1.0,,,,10.0
162.82713875,-6.6621790,A66BFF3F,1.0,,,,10.0
162.80791375,-11.6621428,A66BFF3F,1.0,,,,10.0
145.27027208333334,-11.5667810,A66BFF3F,1.0,,,,10.0
50.83668291666667,-1.3029516,A66BFF3F,1.0,,,,10.0
50.85298375,0.4469725,A66BFF3F,1.0,,,,10.0
50.94641125,10.3632069,A66BFF3F,1.0,,,,10.0
51.03723458333333,19.4461136,A66BFF3F,1.0,,,,10.0
52.290622500000005,19.4343338,A66BFF3F,1.0,,,,10.0
52.426667916666666,31.1003609,A66BFF3F,1.0,,,,10.0
69.48693750000001,30.9218750,A66BFF3F,1.0,,,,10.0
69.47678875,30.2552605,A66BFF3F,1.0,,,,10.0
73.23534291666668,30.2123089,A66BFF3F,1.0,,,,10.0
73.21247541666668,28.7124405,A66BFF3F,1.0,,,,10.0
90.22890291666667,28.5092430,A66BFF3F,1.0,,,,10.0
90.22107125000001,28.0092907,A66BFF3F,1.0,,,,10.0
90.1440375,22.8430862,A66BFF3F,1.0,,,,10.0
87.39379375,22.8764725,A66BFF3F,1.0,,,,10.0
87.32698208333332,18.0435486,A66BFF3F,1.0,,,,10.0
88.32716708333332,18.0314159,A66BFF3F,1.0,,,,10.0
88.25536958333332,12.5318508,A66BFF3F,1.0,,,,10.0
85.75505708333334,12.5621548,A66BFF3F,1.0,,,,10.0
85.79364625,15.5619202,A66BFF3F,1.0,,,,10.0
81.7922325,15.6101446,A66BFF3F,1.0,,,,10.0
81.7987125,16.1101055,A66BFF3F,1.0,,,,10.0
76.29527875,16.1754990,A66BFF3F,1.0,,,,10.0
76.28892625,15.6755352,A66BFF3F,1.0,,,,10.0
71.03402875,15.7364635,A66BFF3F,1.0,,,,10.0
70.85236041666666,0.2375014,A66BFF3F,1.0,,,,10.0
55.35290541666667,0.4037257,A66BFF3F,1.0,,,,10.0
55.335582083333335,-1.3461887,A66BFF3F,1.0,,,,10.0
307.45880124999996,-56.5885773,A66BFF3F,1.0,,,,10.0
307.169295,-45.0900002,A66BFF3F,1.0,,,,10.0
289.76964,-45.2775650,A66BFF3F,1.0,,,,10.0
272.3090175,-45.4859734,A66BFF3F,1.0,,,,10.0
272.67225291666665,-56.9837723,A66BFF3F,1.0,,,,10.0
26.74467458333333,25.6263351,A66BFF3F,1.0,,,,10.0
26.76471,28.6262817,A66BFF3F,1.0,,,,10.0
22.866419999999998,28.6454391,A66BFF3F,1.0,,,,10.0
22.89742625,33.6453705,A66BFF3F,1.0,,,,10.0
22.910835,35.6453362,A66BFF3F,1.0,,,,10.0
31.854250416666666,35.5971375,A66BFF3F,1.0,,,,10.0
31.871091250000003,37.3470840,A66BFF3F,1.0,,,,10.0
39.67934125,37.2931557,A66BFF3F,1.0,,,,10.0
40.434658750000004,37.2873878,A66BFF3F,1.0,,,,10.0
40.40238291666667,34.5375137,A66BFF3F,1.0,,,,10.0
42.66646791666667,34.5196762,A66BFF3F,1.0,,,,10.0
42.62838,31.1865025,A66BFF3F,1.0,,,,10.0
38.103193749999996,31.2213154,A66BFF3F,1.0,,,,10.0
38.07014875,27.8047638,A66BFF3F,1.0,,,,10.0
30.530616249999998,27.8550186,A66BFF3F,1.0,,,,10.0
30.51371125,25.6050701,A66BFF3F,1.0,,,,10.0
224.16644125,-70.5115433,A66BFF3F,1.0,,,,10.0
224.00363375,-68.0122070,A66BFF3F,1.0,,,,10.0
226.55712625,-67.9909286,A66BFF3F,1.0,,,,10.0
226.35353541666666,-64.0751266,A66BFF3F,1.0,,,,10.0
230.16657875,-64.0415649,A66BFF3F,1.0,,,,10.0
230.05456958333335,-61.4587479,A66BFF3F,1.0,,,,10.0
232.58976458333333,-61.4353065,A66BFF3F,1.0,,,,10.0
232.5498675,-60.4354935,A66BFF3F,1.0,,,,10.0
249.03468125,-60.2644577,A66BFF3F,1.0,,,,10.0
249.08163,-61.2641945,A66BFF3F,1.0,,,,10.0
251.53784708333333,-61.2364578,A66BFF3F,1.0,,,,10.0
251.67632125,-63.8189964,A66BFF3F,1.0,,,,10.0
254.1951375,-63.7900925,A66BFF3F,1.0,,,,10.0
254.2835145833333,-65.2062531,A66BFF3F,1.0,,,,10.0
255.5423925,-65.1916428,A66BFF3F,1.0,,,,10.0
255.72498291666668,-67.6905823,A66BFF3F,1.0,,,,10.0
258.2424825,-67.6610870,A66BFF3F,1.0,,,,10.0
258.47067875,-70.1597443,A66BFF3F,1.0,,,,10.0
351.99783291666665,-74.3124619,A66BFF3F,1.0,,,,10.0
1.5662970833333334,-74.3039627,A66BFF3F,1.0,,,,10.0
12.332437500000001,-74.3185730,A66BFF3F,1.0,,,,10.0
12.295414583333333,-75.3185272,A66BFF3F,1.0,,,,10.0
20.654050416666667,-75.3472214,A66BFF3F,1.0,,,,10.0
21.206228749999998,-57.8484154,A66BFF3F,1.0,,,,10.0
351.77839374999996,-57.8126793,A66BFF3F,1.0,,,,10.0
351.7685220833333,-56.3126869,A66BFF3F,1.0,,,,10.0
332.113695,-56.3908348,A66BFF3F,1.0,,,,10.0
332.3985675,-66.8899918,A66BFF3F,1.0,,,,10.0
351.86139125,-66.8125992,A66BFF3F,1.0,,,,10.0
145.70923791666667,41.4316750,A66BFF3F,1.0,,,,10.0
139.51249041666668,41.4785957,A66BFF3F,1.0,,,,10.0
139.59071125,46.4782791,A66BFF3F,1.0,,,,10.0
128.44010375000002,46.5777283,A66BFF3F,1.0,,,,10.0
128.79913375,59.5759888,A66BFF3F,1.0,,,,10.0
122.12910124999999,59.6433983,A66BFF3F,1.0,,,,10.0
123.08622875,73.1383743,A66BFF3F,1.0,,,,10.0
140.61547375,72.9741364,A66BFF3F,1.0,,,,10.0
171.96136958333332,72.8125000,A66BFF3F,1.0,,,,10.0
171.84934624999997,65.8126068,A66BFF3F,1.0,,,,10.0
181.57925541666665,65.8039627,A66BFF3F,1.0,,,,10.0
181.58155958333333,63.3039627,A66BFF3F,1.0,,,,10.0
203.55053875000002,63.3593445,A66BFF3F,1.0,,,,10.0
203.57364125,62.3593979,A66BFF3F,1.0,,,,10.0
217.04525375,62.4414825,A66BFF3F,1.0,,,,10.0
217.25124874999997,54.9422379,A66BFF3F,1.0,,,,10.0
211.58439124999998,54.9035759,A66BFF3F,1.0,,,,10.0
211.69873208333334,47.9039383,A66BFF3F,1.0,,,,10.0
203.79511375,47.8599281,A66BFF3F,1.0,,,,10.0
203.74239874999998,52.3598061,A66BFF3F,1.0,,,,10.0
182.8185225,52.3043365,A66BFF3F,1.0,,,,10.0
182.82643374999998,44.3043365,A66BFF3F,1.0,,,,10.0
181.59141624999998,44.3039627,A66BFF3F,1.0,,,,10.0
181.59450625,33.3039627,A66BFF3F,1.0,,,,10.0
181.59566375,28.3039627,A66BFF3F,1.0,,,,10.0
179.60894125000002,28.3040466,A66BFF3F,1.0,,,,10.0
166.69399791666666,28.3250256,A66BFF3F,1.0,,,,10.0
166.71422541666664,33.3249931,A66BFF3F,1.0,,,,10.0
163.48940875,33.3356781,A66BFF3F,1.0,,,,10.0
163.52316875,39.3356133,A66BFF3F,1.0,,,,10.0
154.3594125,39.3774109,A66BFF3F,1.0,,,,10.0
154.37822375000002,41.3773613,A66BFF3F,1.0,,,,10.0
195.8206125,76.3289108,A66BFF3F,1.0,,,,10.0
196.09747375,69.3293610,A66BFF3F,1.0,,,,10.0
210.65081125,69.3991165,A66BFF3F,1.0,,,,10.0
210.82055541666668,65.3996506,A66BFF3F,1.0,,,,10.0
235.32956541666667,65.6023483,A66BFF3F,1.0,,,,10.0
235.05062999999998,69.6009445,A66BFF3F,1.0,,,,10.0
247.84106249999996,69.7383041,A66BFF3F,1.0,,,,10.0
247.22070749999995,74.7347870,A66BFF3F,1.0,,,,10.0
261.5366370833333,74.9033127,A66BFF3F,1.0,,,,10.0
260.2179045833333,79.8953476,A66BFF3F,1.0,,,,10.0
267.65602041666665,79.9857483,A66BFF3F,1.0,,,,10.0
261.72223041666666,85.9495697,A66BFF3F,1.0,,,,10.0
308.72097,86.4656219,A66BFF3F,1.0,,,,10.0
308.33135541666667,86.6306305,A66BFF3F,1.0,,,,10.0
343.51066625,86.8368912,A66BFF3F,1.0,,,,10.0
339.2609879166667,88.6638870,A66BFF3F,1.0,,,,10.0
135.83247125,87.5689163,A66BFF3F,1.0,,,,10.0
130.40275041666666,86.0975418,A66BFF3F,1.0,,,,10.0
213.0229575,85.9308090,A66BFF3F,1.0,,,,10.0
216.78285624999998,79.4449844,A66BFF3F,1.0,,,,10.0
203.80918958333334,79.3629303,A66BFF3F,1.0,,,,10.0
204.15701875,76.3638153,A66BFF3F,1.0,,,,10.0
166.33725625000002,-57.1744423,A66BFF3F,1.0,,,,10.0
166.45650458333333,-40.4246216,A66BFF3F,1.0,,,,10.0
141.73406125,-40.2918739,A66BFF3F,1.0,,,,10.0
141.77159875,-37.2920151,A66BFF3F,1.0,,,,10.0
126.67779875,-37.1600380,A66BFF3F,1.0,,,,10.0
126.57231291666668,-43.4095192,A66BFF3F,1.0,,,,10.0
121.03827874999999,-43.3535042,A66BFF3F,1.0,,,,10.0
120.86169750000002,-51.1025848,A66BFF3F,1.0,,,,10.0
123.38112875,-51.1285286,A66BFF3F,1.0,,,,10.0
123.32011625000001,-53.3782196,A66BFF3F,1.0,,,,10.0
127.60929125000001,-53.4206772,A66BFF3F,1.0,,,,10.0
127.56711875,-54.9204712,A66BFF3F,1.0,,,,10.0
133.38017375,-54.9742203,A66BFF3F,1.0,,,,10.0
133.32365541666667,-56.9739723,A66BFF3F,1.0,,,,10.0
174.35052458333334,-0.6916979,A66BFF3F,1.0,,,,10.0
174.36568791666667,10.3082914,A66BFF3F,1.0,,,,10.0
179.60373458333333,10.3040485,A66BFF3F,1.0,,,,10.0
179.60453541666666,13.3040485,A66BFF3F,1.0,,,,10.0
194.0620275,13.3225126,A66BFF3F,1.0,,,,10.0
194.05906625,14.3225088,A66BFF3F,1.0,,,,10.0
204.02893041666667,14.3604937,A66BFF3F,1.0,,,,10.0
204.06384875,7.3605771,A66BFF3F,1.0,,,,10.0
227.78148625,7.5253930,A66BFF3F,1.0,,,,10.0
227.85301208333334,-0.4742887,A66BFF3F,1.0,,,,10.0
221.6030925,-0.5269387,A66BFF3F,1.0,,,,10.0
221.66710791666668,-8.5266848,A66BFF3F,1.0,,,,10.0
215.40850625,-8.5731344,A66BFF3F,1.0,,,,10.0
215.51309125,-22.5727749,A66BFF3F,1.0,,,,10.0
194.16687000000002,-22.6773415,A66BFF3F,1.0,,,,10.0
194.1330525,-11.6773882,A66BFF3F,1.0,,,,10.0
179.09676,-11.6957970,A66BFF3F,1.0,,,,10.0
179.09860625,-6.6957974,A66BFF3F,1.0,,,,10.0
174.34229875000003,-6.6916924,A66BFF3F,1.0,,,,10.0
98.93724875,-64.1070251,A66BFF3F,1.0,,,,10.0
98.45442291666666,-70.1041336,A66BFF3F,1.0,,,,10.0
97.77070958333333,-75.1000366,A66BFF3F,1.0,,,,10.0
114.21470375,-75.2899170,A66BFF3F,1.0,,,,10.0
135.24368708333333,-75.4954681,A66BFF3F,1.0,,,,10.0
136.09472708333334,-64.4990387,A66BFF3F,1.0,,,,10.0
102.70331375,-64.1518784,A66BFF3F,1.0,,,,10.0
284.33913291666664,21.2478352,A66BFF3F,1.0,,,,10.0
284.27716208333334,25.6641407,A66BFF3F,1.0,,,,10.0
290.16131375,25.7325745,A66BFF3F,1.0,,,,10.0
290.13264624999994,27.7324085,A66BFF3F,1.0,,,,10.0
296.27220125,27.8011742,A66BFF3F,1.0,,,,10.0
296.25094375000003,29.3010578,A66BFF3F,1.0,,,,10.0
315.07258375000004,29.4871387,A66BFF3F,1.0,,,,10.0
315.0839145833333,28.4871883,A66BFF3F,1.0,,,,10.0
322.62016375,28.5480537,A66BFF3F,1.0,,,,10.0
322.66201958333335,24.0482101,A66BFF3F,1.0,,,,10.0
320.15170041666664,24.0289364,A66BFF3F,1.0,,,,10.0
320.18840874999995,20.0290813,A66BFF3F,1.0,,,,10.0
317.1787829166667,20.0046406,A66BFF3F,1.0,,,,10.0
309.907665,19.9399967,A66BFF3F,1.0,,,,10.0
309.8969370833333,20.9399471,A66BFF3F,1.0,,,,10.0
305.13404875,20.8936996,A66BFF3F,1.0,,,,10.0
305.12540874999996,21.6436558,A66BFF3F,1.0,,,,10.0
298.86025500000005,21.5787334,A66BFF3F,1.0,,,,10.0
298.88568875000004,19.4955387,A66BFF3F,1.0,,,,10.0
290.1212879166667,19.3982983,A66BFF3F,1.0,,,,10.0
290.09631125,21.3148155,A66BFF3F,1.0,,,,10.0
